date,CHINA_GPRC,GLOBAL_GPR,GLOBAL_GPRA,GLOBAL_GPRT,INDIA_GPRC,RUSSIA_GPRC,SAUDI_ARABIA_GPRC,USA_GPRC,event_count,sanctions_event_count,maritime_incident_count,conflict_event_count,escalation_event_count,hormuz_event_count,red_sea_event_count,bab_el_mandeb_event_count,suez_event_count
1985-01-01,0.2848756909370422,102.17337799072266,89.64749145507812,107.5741729736328,0.172651931643486,1.4071133136749268,0.0517955794930458,2.5725138187408447,0,0,0,0,0,0,0,0,0
1985-02-01,0.1756169646978378,117.10202026367188,96.60166931152344,126.4427261352539,0.1109159812331199,1.367963790893555,0.1201589778065681,2.856086492538452,0,0,0,0,0,0,0,0,0
1985-03-01,0.113904483616352,124.77815246582033,116.98727416992188,127.07085418701172,0.2522170841693878,1.5051664113998413,0.056952241808176,2.945244550704956,0,0,0,0,0,0,0,0,0
1985-04-01,0.1950686573982238,87.92900085449219,73.75779724121094,94.64019775390624,0.1638576835393905,0.9051185846328736,0.1014357060194015,1.9975031614303589,0,0,0,0,0,0,0,0,0
1985-05-01,0.1299545168876648,103.26284790039062,92.27672576904295,111.15978240966795,0.245469644665718,1.1623709201812744,0.0938560366630554,2.389719247817993,0,0,0,0,0,0,0,0,0
1985-06-01,0.1154112517833709,148.78282165527344,174.1437530517578,134.65670776367188,0.5231976509094238,1.2387473583221436,0.0923289954662323,3.808571100234986,0,0,0,0,0,0,0,0,0
1985-07-01,0.1531654149293899,133.90542602539062,149.5423583984375,126.30107879638672,0.5871341228485107,1.0806671380996704,0.1276378482580185,3.114363431930542,0,0,0,0,0,0,0,0,0
1985-08-01,0.1342169344425201,82.78410339355469,84.87953186035156,75.26383972167969,0.4278164505958557,0.7298045754432678,0.03355423361063,1.8287056684494016,0,0,0,0,0,0,0,0,0
1985-09-01,0.1111463978886604,102.43449401855467,92.48631286621094,101.56950378417967,0.3255001604557037,0.8891711831092834,0.0952683389186859,2.4928548336029053,0,0,0,0,0,0,0,0,0
1985-10-01,0.1194029822945594,105.99191284179688,118.73129272460938,91.34220886230467,0.1641791015863418,1.2388060092926023,0.1044776141643524,2.8208954334259038,0,0,0,0,0,0,0,0,0
1985-11-01,0.0703399777412414,94.84818267822266,80.12213897705078,98.25837707519533,0.1563110649585724,1.273935079574585,0.0781555324792862,2.4306368827819824,0,0,0,0,0,0,0,0,0
1985-12-01,0.1418439745903015,96.4211654663086,111.21063232421876,80.3045654296875,0.2048857361078262,1.1111111640930176,0.0866824239492416,2.277383804321289,0,0,0,0,0,0,0,0,0
1986-01-01,0.1408567428588867,135.36074829101562,166.0226287841797,137.66831970214844,0.2982848584651947,1.3505675792694092,0.0911425948143005,3.380561828613281,0,0,0,0,0,0,0,0,0
1986-02-01,0.108361929655075,98.75003051757812,114.81560516357422,84.02117919921875,0.2438143342733383,1.0384684801101685,0.0993317663669586,2.3026909828186035,0,0,0,0,0,0,0,0,0
1986-03-01,0.1308151483535766,98.67667388916016,117.56116485595705,85.12946319580078,0.2371024489402771,1.0465211868286133,0.1062873005867004,2.428256034851074,0,0,0,0,0,0,0,0,0
1986-04-01,0.0746949985623359,148.31385803222656,182.87278747558597,142.49339294433594,0.4481699764728546,1.427504301071167,0.2738816440105438,4.075026988983154,0,0,0,0,0,0,0,0,0
1986-05-01,0.1143697425723075,117.38924407958984,114.20220947265624,126.68498992919922,0.285924345254898,1.1028510332107544,0.2287394851446151,2.916428327560425,0,0,0,0,0,0,0,0,0
1986-06-01,0.1063655689358711,96.29425048828124,80.0658187866211,106.94334411621094,0.2454590052366256,1.0472917556762695,0.1063655689358711,2.3318605422973637,0,0,0,0,0,0,0,0,0
1986-07-01,0.1201407387852668,94.70178985595705,83.9753189086914,99.80805206298828,0.3175148069858551,0.9525443911552428,0.0514888875186443,2.256929636001587,0,0,0,0,0,0,0,0,0
1986-08-01,0.1499875038862228,103.34593963623048,99.84519958496094,104.75926971435548,0.4416298568248749,1.1165735721588137,0.0666611120104789,2.524789571762085,0,0,0,0,0,0,0,0,0
1986-09-01,0.1805498600006103,117.1078872680664,126.74607849121094,106.35902404785156,0.2626179754734039,1.2966762781143188,0.0574476830661296,2.9872794151306152,0,0,0,0,0,0,0,0,0
1986-10-01,0.1975984126329422,96.7924346923828,77.40582275390625,109.01692199707033,0.1975984126329422,1.4363884925842283,0.0683994516730308,2.51557993888855,0,0,0,0,0,0,0,0,0
1986-11-01,0.2385875582695007,109.77281951904295,89.47162628173828,124.65135192871094,0.25449338555336,1.01797354221344,0.1670112907886505,2.7994272708892822,0,0,0,0,0,0,0,0,0
1986-12-01,0.1125040203332901,89.75377655029297,78.10250091552734,93.46377563476562,0.321440041065216,0.9964641332626344,0.1125040203332901,2.242044448852539,0,0,0,0,0,0,0,0,0
1987-01-01,0.096494048833847,96.94281768798828,104.48915100097656,90.4955062866211,0.3152138888835907,0.8427147269248962,0.1801222264766693,2.418784141540528,0,0,0,0,0,0,0,0,0
1987-02-01,0.1031849756836891,100.683349609375,89.29598236083984,109.72402954101562,0.3921028971672058,0.9699387550354004,0.1513379663228988,2.565866470336914,0,0,0,0,0,0,0,0,0
1987-03-01,0.1221672445535659,89.60771942138672,67.09355163574219,105.55125427246094,0.1649257838726043,1.044529914855957,0.0733003467321395,2.278419256210327,0,0,0,0,0,0,0,0,0
1987-04-01,0.1622342020273208,113.39408111572266,99.12645721435548,117.12814331054688,0.3476447165012359,1.5180485248565674,0.0463526286184787,2.8680689334869385,0,0,0,0,0,0,0,0,0
1987-05-01,0.2298190146684646,98.65091705322266,95.23518371582033,97.37140655517578,0.4079287648200989,1.1663315296173096,0.178109735250473,2.5165183544158936,0,0,0,0,0,0,0,0,0
1987-06-01,0.3309496939182281,94.18240356445312,81.82940673828125,99.82925415039062,0.3427693545818329,1.2292417287826538,0.1241061389446258,2.3698363304138184,0,0,0,0,0,0,0,0,0
1987-07-01,0.2486089766025543,98.87196350097656,88.26481628417969,107.52894592285156,0.3729134500026703,1.136498212814331,0.1953356266021728,2.5334439277648926,0,0,0,0,0,0,0,0,0
1987-08-01,0.2103112637996673,99.96844482421876,87.60133361816406,115.48031616210938,0.3905780613422394,1.2258142232894895,0.4206225275993347,2.7580819129943848,0,0,0,0,0,0,0,0,0
1987-09-01,0.369195282459259,121.16707611083984,97.5398178100586,143.4519805908203,0.2999711632728576,1.5806171894073486,0.2942024767398834,3.1439285278320312,0,0,0,0,0,0,0,0,0
1987-10-01,0.3129976391792297,101.05858612060548,88.82691192626953,110.70101928710938,0.5436275005340576,1.081763744354248,0.2910328805446625,2.5918400287628174,0,0,0,0,0,0,0,0,0
1987-11-01,0.1253918558359146,96.15348815917967,75.88374328613281,110.79949951171876,0.307779997587204,1.1684240102767944,0.1652892529964447,2.519236326217652,0,0,0,0,0,0,0,0,0
1987-12-01,0.2048713862895965,109.85638427734376,88.26872253417969,124.4972915649414,0.1593444049358368,1.6446619033813477,0.153653547167778,2.953562498092652,0,0,0,0,0,0,0,0,0
1988-01-01,0.1498472690582275,83.20153045654297,72.89557647705078,87.14092254638672,0.1267938464879989,0.8990836143493652,0.1210304871201515,2.057518243789673,0,0,0,0,0,0,0,0,0
1988-02-01,0.1108971014618873,86.20614624023438,73.8230972290039,90.1892547607422,0.1167337894439697,0.9688904285430908,0.0758769661188125,2.153738498687744,0,0,0,0,0,0,0,0,0
1988-03-01,0.2872005999088287,110.20651245117188,109.30101776123048,105.9420166015625,0.1517286151647567,1.0946136713027954,0.1463097482919693,2.8069794178009038,0,0,0,0,0,0,0,0,0
1988-04-01,0.3120485544204712,119.45051574707033,128.48338317871094,113.93638610839844,0.196475014090538,1.1037272214889526,0.2947125136852264,3.085813283920288,0,0,0,0,0,0,0,0,0
1988-05-01,0.2377135306596756,104.87347412109376,97.1541748046875,106.54883575439452,0.4035601615905761,1.177511215209961,0.0829233229160308,2.6535463333129883,0,0,0,0,0,0,0,0,0
1988-06-01,0.135325625538826,79.70812225341797,81.0764389038086,74.01183319091797,0.1578799039125442,0.7893995046615601,0.0733013823628425,1.9453059434890747,0,0,0,0,0,0,0,0,0
1988-07-01,0.2340374439954757,83.43048095703125,96.27418518066406,70.79203796386719,0.1440230458974838,0.8941430449485779,0.1200192049145698,2.112338066101074,0,0,0,0,0,0,0,0,0
1988-08-01,0.1407129466533661,84.05416107177734,93.28092193603516,73.71106719970703,0.2286585420370102,0.7915103435516357,0.0996716693043708,2.128283262252808,0,0,0,0,0,0,0,0,0
1988-09-01,0.1500250101089477,74.84265899658203,74.3477783203125,72.93437957763672,0.161137968301773,0.7334555983543396,0.0889037027955055,1.9280991554260252,0,0,0,0,0,0,0,0,0
1988-10-01,0.1208658367395401,73.45023345947266,65.83024597167969,71.80867004394531,0.1648170500993728,0.6153169870376587,0.0439512133598327,1.85693883895874,0,0,0,0,0,0,0,0,0
1988-11-01,0.1159285902976989,68.79841613769531,77.55838012695312,55.85908508300781,0.1738928854465484,0.7825179696083069,0.063760720193386,1.7273359298706057,0,0,0,0,0,0,0,0,0
1988-12-01,0.1355702430009842,90.39871978759766,94.38412475585938,82.27973937988281,0.2090041190385818,0.8247189521789551,0.0734338834881782,2.372479200363159,0,0,0,0,0,0,0,0,0
1989-01-01,0.1501437127590179,89.24658966064453,82.81503295898438,89.09522247314453,0.2102011889219284,1.0252670049667358,0.0557676628232002,2.162069320678711,0,0,0,0,0,0,0,0,0
1989-02-01,0.1624657660722732,91.6185531616211,91.77456665039062,88.43746948242188,0.1810332834720611,0.970152735710144,0.0278512742370367,2.2095344066619877,0,0,0,0,0,0,0,0,0
1989-03-01,0.1128349751234054,87.73377227783203,93.0866241455078,79.90110778808594,0.0725367739796638,0.6689502596855164,0.0967156961560249,1.9464033842086792,0,0,0,0,0,0,0,0,0
1989-04-01,0.1350495815277099,83.57909393310547,84.56328582763672,77.83438873291016,0.105507493019104,0.8229584097862244,0.0590841956436634,1.9624392986297607,0,0,0,0,0,0,0,0,0
1989-05-01,0.4116252958774566,103.82850646972656,80.26698303222656,116.7505340576172,0.1579975932836532,1.2598228454589844,0.0374204814434051,2.527961492538452,0,0,0,0,0,0,0,0,0
1989-06-01,0.8692365884780884,89.46155548095703,68.48663330078125,97.67894744873048,0.1637692153453827,0.8398420810699463,0.037792894989252,2.1583943367004395,0,0,0,0,0,0,0,0,0
1989-07-01,0.3695129454135895,84.75310516357422,78.8324966430664,84.32604217529297,0.1469147950410843,0.832517147064209,0.0578755214810371,1.9499598741531368,0,0,0,0,0,0,0,0,0
1989-08-01,0.2076393961906433,109.1772918701172,115.18624114990234,115.9572525024414,0.1341004520654678,0.6661763787269592,0.1470779031515121,2.7339186668396,0,0,0,0,0,0,0,0,0
1989-09-01,0.1531849652528762,85.54584503173828,88.94374084472656,79.4195785522461,0.0723373442888259,0.6935874819755554,0.1361644119024276,2.076507329940796,0,0,0,0,0,0,0,0,0
1989-10-01,0.1899335235357284,69.52467346191406,64.53548431396484,68.15611267089844,0.1147515028715133,0.5777144432067871,0.0989237129688263,1.66191828250885,0,0,0,0,0,0,0,0,0
1989-11-01,0.1932963132858276,92.8287124633789,112.52256774902344,71.7497329711914,0.1357186883687973,0.7485091686248779,0.1274933218955993,2.35657000541687,0,0,0,0,0,0,0,0,0
1989-12-01,0.3525215685367584,112.55352783203124,128.65443420410156,101.52501678466795,0.1161247491836547,0.9953550100326538,0.0497677512466907,2.786993980407715,0,0,0,0,0,0,0,0,0
1990-01-01,0.2335204184055328,81.5440444946289,80.72607421875,76.01142120361328,0.1229054853320121,0.9135974645614624,0.0245810970664024,1.9214224815368648,0,0,0,0,0,0,0,0,0
1990-02-01,0.1696655750274658,77.40721130371094,65.3890380859375,81.10881042480469,0.129481628537178,0.8572576642036438,0.0669732540845871,1.915435075759888,0,0,0,0,0,0,0,0,0
1990-03-01,0.1126301065087318,67.5919418334961,59.72285842895508,68.18672180175781,0.0776759386062622,0.807829737663269,0.0427217632532119,1.6040080785751345,0,0,0,0,0,0,0,0,0
1990-04-01,0.1515151560306549,81.64384460449219,54.79267120361328,97.97654724121094,0.1801801770925521,1.031941056251526,0.0655200630426406,1.961506962776184,0,0,0,0,0,0,0,0,0
1990-05-01,0.1666931211948394,86.40711975097656,66.84378051757812,97.81657409667967,0.198444202542305,1.143038630485535,0.0555643737316131,2.1114461421966557,0,0,0,0,0,0,0,0,0
1990-06-01,0.1825650334358215,79.68110656738281,80.65287780761719,72.84642028808594,0.1659682244062423,0.9335712194442748,0.0248952321708202,1.9874694347381592,0,0,0,0,0,0,0,0,0
1990-07-01,0.19013012945652,85.78742980957031,81.84713745117188,82.36925506591797,0.1816799044609069,0.8407977223396301,0.0971776247024536,1.9984790086746216,0,0,0,0,0,0,0,0,0
1990-08-01,0.5787994265556335,250.4510803222656,128.2501983642578,353.7631225585937,0.698693573474884,1.984455108642578,3.572019100189209,6.412270545959473,0,0,0,0,0,0,0,0,0
1990-09-01,0.3279777467250824,188.66053771972656,106.9548110961914,262.1236267089844,0.5521650910377502,1.7810437679290771,2.4286959171295166,4.952878952026367,0,0,0,0,0,0,0,0,0
1990-10-01,0.2657599449157715,143.85256958007812,105.10758972167967,172.9463653564453,0.2227693796157837,1.2819010019302368,1.215461015701294,3.599484205245972,0,0,0,0,0,0,0,0,0
1990-11-01,0.4958877563476562,158.74354553222656,115.40345764160156,201.1810607910156,0.1975487768650055,1.3304306268692017,1.5924850702285769,4.112239837646484,0,0,0,0,0,0,0,0,0
1990-12-01,0.2029273360967636,153.1624298095703,103.18325805664062,194.6485290527344,0.1856569200754165,1.1268943548202517,1.2650576829910278,3.9765121936798096,0,0,0,0,0,0,0,0,0
1991-01-01,0.2514294981956482,379.2497863769531,479.7158508300781,360.0328063964844,0.4339186549186706,2.372359037399292,3.5646214485168457,9.602984428405762,0,0,0,0,0,0,0,0,0
1991-02-01,0.3037070035934448,339.3580322265625,490.2737426757813,253.7916259765625,0.2813756167888641,2.8316211700439453,3.313979387283325,8.503796577453613,0,0,0,0,0,0,0,0,0
1991-03-01,0.2415063381195068,148.61831665039062,171.39544677734375,133.98248291015625,0.2210397124290466,0.9905853271484376,1.1502251625061035,3.819074869155884,0,0,0,0,0,0,0,0,0
1991-04-01,0.2490359842777252,97.760009765625,88.50554656982422,100.77496337890624,0.1606683731079101,0.6989074349403381,0.3936375379562378,2.4060089588165283,0,0,0,0,0,0,0,0,0
1991-05-01,0.2772677838802337,88.56902313232422,79.06768798828125,95.45738983154295,0.1536213457584381,0.8655251264572144,0.2248117178678512,2.1132302284240723,0,0,0,0,0,0,0,0,0
1991-06-01,0.2818019390106201,87.73383331298828,69.48858642578125,99.7988510131836,0.1627306938171386,0.8215915560722351,0.1627306938171386,2.1353442668914795,0,0,0,0,0,0,0,0,0
1991-07-01,0.2810149490833282,115.18467712402344,84.731201171875,144.65106201171875,0.1074468940496444,1.016612887382507,0.2066286504268646,2.6572444438934326,0,0,0,0,0,0,0,0,0
1991-08-01,0.2112361341714859,113.49502563476562,87.34529113769531,133.4146728515625,0.1015558317303657,1.7548848390579224,0.1218670010566711,2.526709079742432,0,0,0,0,0,0,0,0,0
1991-09-01,0.2104260176420211,117.94219207763672,74.79663848876953,154.14364624023438,0.087346650660038,1.6119426488876345,0.2699805498123169,2.7077460289001465,0,0,0,0,0,0,0,0,0
1991-10-01,0.2407792508602142,100.8318099975586,77.95648193359375,122.6444320678711,0.0729634091258049,1.0470249652862549,0.1130932867527008,2.334829092025757,0,0,0,0,0,0,0,0,0
1991-11-01,0.3820476233959198,100.7423324584961,77.58206176757812,120.3302230834961,0.115772008895874,0.933894157409668,0.0733222737908363,2.30000376701355,0,0,0,0,0,0,0,0,0
1991-12-01,0.2532747685909271,103.96953582763672,58.74743270874024,135.23251342773438,0.1305948048830032,1.5790098905563354,0.0831057801842689,2.528790235519409,0,0,0,0,0,0,0,0,0
1992-01-01,0.3745461404323578,102.95763397216795,69.45668029785156,126.1564712524414,0.1987387686967849,1.3032677173614502,0.0993693843483924,2.361933946609497,0,0,0,0,0,0,0,0,0
1992-02-01,0.2844725549221039,87.2034683227539,62.86050415039063,101.0959701538086,0.1738443374633789,0.8613196611404419,0.1185302287340164,2.1098380088806152,0,0,0,0,0,0,0,0,0
1992-03-01,0.3248175084590912,85.29731750488281,53.69252014160156,107.12957000732422,0.1678832173347473,0.8430656790733337,0.1204379573464393,1.981751799583435,0,0,0,0,0,0,0,0,0
1992-04-01,0.1472587287425995,85.85562133789062,74.40125274658203,92.64119720458984,0.1246035322546958,0.6494487524032593,0.120827667415142,1.9861048460006716,0,0,0,0,0,0,0,0,0
1992-05-01,0.1970699727535247,78.96814727783203,56.43539047241211,93.08229064941406,0.1561686694622039,0.7585334777832031,0.0483379177749156,1.825685977935791,0,0,0,0,0,0,0,0,0
1992-06-01,0.1771342754364013,93.84909057617188,49.73001480102539,124.3361358642578,0.1155223548412323,0.7894027233123779,0.0731641575694084,2.214178562164306,0,0,0,0,0,0,0,0,0
1992-07-01,0.0946073830127716,75.19676971435547,51.64294052124024,92.42886352539062,0.0870387926697731,0.4276253581047058,0.1248817443847656,1.73699152469635,0,0,0,0,0,0,0,0,0
1992-08-01,0.1743645370006561,81.64519500732422,70.1595230102539,87.55679321289062,0.1046187207102775,0.5502169728279114,0.1704897731542587,1.8211407661437988,0,0,0,0,0,0,0,0,0
1992-09-01,0.2456625252962112,74.6097183227539,45.73872375488281,92.68926239013672,0.1189927831292152,0.5450637340545654,0.0652541071176529,1.700445294380188,0,0,0,0,0,0,0,0,0
1992-10-01,0.1686280071735382,68.18277740478516,58.99306106567383,71.33625793457031,0.0645809397101402,0.4843570590019226,0.0466417893767356,1.481773853302002,0,0,0,0,0,0,0,0,0
1992-11-01,0.2565084099769592,91.00899505615234,68.5569076538086,109.6229248046875,0.1186830028891563,0.5742725729942322,0.0842266455292701,2.0712099075317383,0,0,0,0,0,0,0,0,0
1992-12-01,0.2014585584402084,83.42096710205078,60.88547134399414,97.29403686523438,0.1531085073947906,0.5399089455604553,0.0886417627334594,1.990410566329956,0,0,0,0,0,0,0,0,0
1993-01-01,0.2228051871061325,128.91807556152344,114.82777404785156,144.89353942871094,0.2228051871061325,0.8516908288002014,0.2228051871061325,2.8389692306518555,0,0,0,0,0,0,0,0,0
1993-02-01,0.1580670624971389,90.4680633544922,64.63740539550781,105.26100158691406,0.120432049036026,0.677430272102356,0.0790335312485694,1.9494937658309937,0,0,0,0,0,0,0,0,0
1993-03-01,0.1936535984277725,94.24144744873048,80.28809356689453,99.9146728515625,0.1324998289346695,0.8017938733100891,0.0441666096448898,2.164163827896118,0,0,0,0,0,0,0,0,0
1993-04-01,0.2219294011592865,112.72166442871094,72.71391296386719,144.0390167236328,0.135238230228424,1.175532341003418,0.041611760854721,2.441223382949829,0,0,0,0,0,0,0,0,0
1993-05-01,0.2676182091236114,110.72975158691406,77.88386535644531,137.38629150390625,0.1646881252527237,1.1082137823104858,0.0548960417509079,2.5114939212799072,0,0,0,0,0,0,0,0,0
1993-06-01,0.2313695698976516,104.19525146484376,73.33211517333984,125.46405029296876,0.1623040288686752,0.8495061993598938,0.0656122639775276,2.272256374359131,0,0,0,0,0,0,0,0,0
1993-07-01,0.2889039516448974,123.31478881835938,107.0821533203125,131.75840759277344,0.2140029221773147,0.8881121277809143,0.0642008781433105,2.617969036102295,0,0,0,0,0,0,0,0,0
1993-08-01,0.2890709042549133,97.2416763305664,94.7355728149414,97.08562469482422,0.1074750795960426,0.426194280385971,0.0630026310682296,2.1235592365264893,0,0,0,0,0,0,0,0,0
1993-09-01,0.2478877156972885,89.16477966308594,76.93018341064453,97.45659637451172,0.0907757803797721,0.8169820308685303,0.0977585390210151,1.9028000831604004,0,0,0,0,0,0,0,0,0
1993-10-01,0.2804009318351745,106.16590881347656,65.22377014160156,130.3068084716797,0.1611499637365341,0.7702968120574951,0.0418989919126033,2.323782444000244,0,0,0,0,0,0,0,0,0
1993-11-01,0.294376403093338,83.48017883300781,51.35593795776367,105.1309585571289,0.0947418287396431,0.507545530796051,0.0439872778952121,1.7831765413284302,0,0,0,0,0,0,0,0,0
1993-12-01,0.2252331525087356,79.55179595947266,50.134674072265625,97.06568145751952,0.0563082881271839,0.5841984748840332,0.0387119464576244,1.7174028158187866,0,0,0,0,0,0,0,0,0
1994-01-01,0.1844829320907592,83.48997497558594,65.27042388916016,93.09183502197266,0.2596426606178283,0.6696047186851501,0.0546616092324256,1.8379966020584104,0,0,0,0,0,0,0,0,0
1994-02-01,0.1573477685451507,117.2420654296875,76.48810577392578,148.14723205566406,0.2085772901773452,1.075819730758667,0.0219555031508207,2.64929747581482,0,0,0,0,0,0,0,0,0
1994-03-01,0.3976801931858063,93.47403717041016,79.4195327758789,98.56234741210938,0.1922120898962021,0.6197183132171631,0.0331400148570537,2.004971027374268,0,0,0,0,0,0,0,0,0
1994-04-01,0.2780191004276275,95.35697174072266,68.70893859863281,116.44586181640624,0.1355343163013458,0.8757601976394653,0.0556038245558738,2.175499677658081,0,0,0,0,0,0,0,0,0
1994-05-01,0.3477795720100403,104.46678924560548,73.90620422363281,122.97669982910156,0.08694489300251,0.5584537386894226,0.0769127905368805,2.364232301712036,0,0,0,0,0,0,0,0,0
1994-06-01,0.56477952003479,120.35224151611328,79.9498519897461,148.2960662841797,0.1871257424354553,0.7008709907531738,0.0646434426307678,2.7626564502716064,0,0,0,0,0,0,0,0,0
1994-07-01,0.1837534308433532,99.6402359008789,75.47087860107422,115.40325927734376,0.0693409144878387,0.7315466403961182,0.0589397773146629,2.284783124923706,0,0,0,0,0,0,0,0,0
1994-08-01,0.1923761963844299,98.2270278930664,66.64015197753906,122.92201232910156,0.1531884521245956,0.837192714214325,0.0391877442598342,2.13395094871521,0,0,0,0,0,0,0,0,0
1994-09-01,0.23000168800354,98.8984832763672,51.33683013916016,131.31796264648438,0.145442247390747,0.686622679233551,0.0169118884950876,2.3236935138702397,0,0,0,0,0,0,0,0,0
1994-10-01,0.3066884279251098,94.85363006591795,64.50569152832031,118.89933776855467,0.1500815600156784,0.7438825368881226,0.3164763450622558,2.1631321907043457,0,0,0,0,0,0,0,0,0
1994-11-01,0.19561268389225,86.5298080444336,70.68946075439453,100.79308319091795,0.1187648475170135,0.7021098136901855,0.0349308364093303,1.9211959838867188,0,0,0,0,0,0,0,0,0
1994-12-01,0.1559122651815414,96.04750061035156,81.61609649658203,107.74173736572266,0.166542649269104,1.1409943103790283,0.035434603691101,2.097728729248047,0,0,0,0,0,0,0,0,0
1995-01-01,0.1874793171882629,80.15467834472656,70.47705841064453,84.89913940429688,0.1176340878009796,0.8528470993041992,0.0257324557751417,1.668933629989624,0,0,0,0,0,0,0,0,0
1995-02-01,0.1918158531188964,76.87532806396484,77.14599609375,72.59407043457031,0.1838235259056091,0.6154091954231262,0.0439577996730804,1.5944693088531494,0,0,0,0,0,0,0,0,0
1995-03-01,0.1341050267219543,82.24444580078125,79.87528991699219,79.15904235839844,0.074110671877861,0.6634669899940491,0.074110671877861,1.7398362159729004,0,0,0,0,0,0,0,0,0
1995-04-01,0.2138248831033706,99.19087982177734,99.14794158935548,93.92303466796876,0.2027649730443954,0.6820276379585266,0.0958525314927101,2.2009217739105225,0,0,0,0,0,0,0,0,0
1995-05-01,0.2834611237049103,87.842529296875,79.34961700439453,96.40919494628906,0.1526329219341278,0.901261031627655,0.0363411717116832,1.991496205329895,0,0,0,0,0,0,0,0,0
1995-06-01,0.1958682835102081,104.60775756835938,85.1209487915039,121.57904815673828,0.0960863307118415,0.9054288864135742,0.025869395583868,2.13237738609314,0,0,0,0,0,0,0,0,0
1995-07-01,0.233963742852211,107.64541625976562,100.19744873046876,115.32476806640624,0.2261649370193481,0.6472996473312378,0.0506921410560607,2.2772469520568848,0,0,0,0,0,0,0,0,0
1995-08-01,0.2190409153699875,106.93478393554688,100.7674560546875,118.4973373413086,0.2503324747085571,0.7588202953338623,0.1134319007396698,2.378158569335937,0,0,0,0,0,0,0,0,0
1995-09-01,0.177976369857788,71.20516967773438,68.81755065917969,72.98401641845703,0.1363223195075988,0.5263556241989136,0.0416540428996086,1.454104781150818,0,0,0,0,0,0,0,0,0
1995-10-01,0.1446712762117386,67.74150085449219,69.12648010253906,64.2778091430664,0.1093071848154068,0.4275839924812317,0.0289342552423477,1.38241446018219,0,0,0,0,0,0,0,0,0
1995-11-01,0.1307238340377807,76.33349609375,69.86588287353516,78.8126220703125,0.1195189356803894,0.3473519086837768,0.089639201760292,1.550011157989502,0,0,0,0,0,0,0,0,0
1995-12-01,0.1711102277040481,65.67205810546875,55.363800048828125,68.98201751708984,0.1193792298436164,0.4098686873912811,0.0636689215898513,1.412654161453247,0,0,0,0,0,0,0,0,0
1996-01-01,0.2089983224868774,75.63492584228516,79.68246459960938,73.66007995605469,0.1937984526157379,0.7675938606262207,0.0987992063164711,1.4743882417678833,0,0,0,0,0,0,0,0,0
1996-02-01,0.3980416357517242,80.4209213256836,69.15779113769531,85.9759750366211,0.1393145769834518,0.473669558763504,0.0636866614222526,1.6478923559188845,0,0,0,0,0,0,0,0,0
1996-03-01,0.389233648777008,82.14761352539062,84.08819580078125,77.89100646972656,0.0844563543796539,0.5324422717094421,0.095472402870655,1.71850323677063,0,0,0,0,0,0,0,0,0
1996-04-01,0.3634766042232513,84.82862091064453,98.6463623046875,71.23197174072266,0.1358044445514679,0.6510624885559082,0.0519252270460128,1.7814347743988037,0,0,0,0,0,0,0,0,0
1996-05-01,0.3001354336738586,65.53082275390625,68.71073913574219,59.1929931640625,0.1866695880889892,0.442882776260376,0.065883383154869,1.3213279247283936,0,0,0,0,0,0,0,0,0
1996-06-01,0.2821021974086761,69.08858489990234,61.67017364501953,72.52593231201172,0.2194128036499023,0.5502734184265137,0.271653950214386,1.312994122505188,0,0,0,0,0,0,0,0,0
1996-07-01,0.1941879838705063,80.64431762695312,85.2721939086914,74.90693664550781,0.1805607676506042,0.4599189162254333,0.2589173316955566,1.604606032371521,0,0,0,0,0,0,0,0,0
1996-08-01,0.1920273154973983,81.6876449584961,85.69389343261719,81.7337417602539,0.2204758077859878,0.5938622355461121,0.1600227653980255,1.6037836074829102,0,0,0,0,0,0,0,0,0
1996-09-01,0.2250590324401855,88.19697570800781,92.83900451660156,87.04828643798828,0.1734061390161514,0.5792502760887146,0.3984651565551758,2.021841764450073,0,0,0,0,0,0,0,0,0
1996-10-01,0.1105008274316787,55.58683013916016,49.54435729980469,56.87975692749024,0.071500539779663,0.3185023963451385,0.0455003418028354,1.0725080966949463,0,0,0,0,0,0,0,0,0
1996-11-01,0.1865861564874649,57.34461212158203,51.038421630859375,58.0576171875,0.108559213578701,0.254435658454895,0.0746344625949859,1.0855921506881714,0,0,0,0,0,0,0,0,0
1996-12-01,0.2230117917060852,74.98263549804688,66.17648315429688,80.17862701416016,0.1549742966890335,0.4649229049682617,0.0680374950170517,1.5119444131851196,0,0,0,0,0,0,0,0,0
1997-01-01,0.0980466082692146,54.06243515014648,55.227325439453125,53.25782775878906,0.1018176302313804,0.2828267514705658,0.1018176302313804,0.9729240536689758,0,0,0,0,0,0,0,0,0
1997-02-01,0.2056253254413604,50.559940338134766,43.509159088134766,54.50136566162109,0.0697657316923141,0.3635161817073822,0.0514063313603401,1.050157904624939,0,0,0,0,0,0,0,0,0
1997-03-01,0.1898030042648315,58.48006057739258,59.907318115234375,56.36629867553711,0.0654493123292923,0.3632436692714691,0.0752667039632797,1.1519078016281128,0,0,0,0,0,0,0,0,0
1997-04-01,0.2731319069862366,62.844486236572266,61.28048324584961,62.37605667114258,0.0640679821372032,0.3001078963279724,0.1112759634852409,1.2982195615768433,0,0,0,0,0,0,0,0,0
1997-05-01,0.1992357224225998,53.57601547241211,49.572898864746094,53.54428482055664,0.0751216635107994,0.3592775166034698,0.0457262322306633,1.1006957292556765,0,0,0,0,0,0,0,0,0
1997-06-01,0.1843758523464203,39.04562377929688,38.63948059082031,36.68563461303711,0.0443867780268192,0.2048620581626892,0.0614586174488067,0.7511608600616455,0,0,0,0,0,0,0,0,0
1997-07-01,0.1835049390792846,47.69842529296875,43.43375015258789,47.428409576416016,0.0509735941886901,0.2344785332679748,0.0509735941886901,0.9073299765586852,0,0,0,0,0,0,0,0,0
1997-08-01,0.1387780606746673,48.582298278808594,49.42500305175781,46.30862808227539,0.0485723204910755,0.232453241944313,0.0485723204910755,1.051243782043457,0,0,0,0,0,0,0,0,0
1997-09-01,0.1543057858943939,42.6890869140625,41.08793258666992,41.63934326171875,0.0689451396465301,0.2363833338022232,0.0525296293199062,0.860172688961029,0,0,0,0,0,0,0,0,0
1997-10-01,0.2892813682556152,49.74630737304688,34.460205078125,58.68946075439453,0.0761266723275184,0.3928136527538299,0.0487210713326931,1.0718635320663452,0,0,0,0,0,0,0,0,0
1997-11-01,0.4228329956531524,59.6933708190918,32.765533447265625,79.03630828857422,0.1123150140047073,0.7696881890296936,0.1882928162813186,1.486522197723389,0,0,0,0,0,0,0,0,0
1997-12-01,0.1542905867099762,43.998268127441406,35.839134216308594,48.36233139038086,0.0853522419929504,0.354540079832077,0.0853522419929504,0.9454402327537536,0,0,0,0,0,0,0,0,0
1998-01-01,0.2424130886793136,53.0963020324707,42.4878158569336,59.82126998901367,0.0767130032181739,0.4572094976902008,0.0859185606241226,1.113872766494751,0,0,0,0,0,0,0,0,0
1998-02-01,0.3053975105285644,77.59761810302734,45.36801910400391,101.84082794189452,0.1478766798973083,0.7683157920837402,0.3954094052314758,1.838814377784729,0,0,0,0,0,0,0,0,0
1998-03-01,0.1722929626703262,57.24806213378906,44.5167121887207,65.50199890136719,0.1343301087617874,0.417591392993927,0.0846863687038421,1.2498539686203003,0,0,0,0,0,0,0,0,0
1998-04-01,0.1768483817577362,50.99658203125,38.00284957885742,58.76738357543945,0.0682572647929191,0.3847227692604065,0.0372312366962432,1.0672954320907593,0,0,0,0,0,0,0,0,0
1998-05-01,0.7952063679695129,94.4734878540039,43.8027572631836,129.79888916015625,1.125609040260315,0.7280058264732361,0.0448003597557544,1.957215666770935,0,0,0,0,0,0,0,0,0
1998-06-01,0.5262264609336853,76.30907440185547,48.77885437011719,94.95468139648438,0.6280767321586609,0.68748939037323,0.0622418373823165,1.5843377113342283,0,0,0,0,0,0,0,0,0
1998-07-01,0.3266211152076721,54.04841613769531,38.29932403564453,64.22628021240234,0.3146350085735321,0.3655759394168854,0.0659235268831253,1.147668719291687,0,0,0,0,0,0,0,0,0
1998-08-01,0.2639833390712738,97.02085876464844,123.8387451171875,83.93855285644531,0.2608776688575744,0.6242429614067078,0.4969098567962646,2.2329885959625244,0,0,0,0,0,0,0,0,0
1998-09-01,0.1837109625339508,62.51344299316406,55.129615783691406,68.4769515991211,0.2303677201271057,0.4928119480609894,0.1574665457010269,1.417198896408081,0,0,0,0,0,0,0,0,0
1998-10-01,0.1529788374900818,54.40364837646485,48.27804183959961,57.89592742919922,0.1161506026983261,0.4022776782512665,0.0509929470717906,1.226663589477539,0,0,0,0,0,0,0,0,0
1998-11-01,0.2720071673393249,67.96592712402344,38.60226440429688,88.07134246826172,0.161410853266716,0.5141234397888184,0.1643999367952346,1.6170976161956787,0,0,0,0,0,0,0,0,0
1998-12-01,0.3317954838275909,75.95989227294922,64.999755859375,86.2803955078125,0.2211969941854477,0.6035518050193787,0.24015673995018,1.7790558338165283,0,0,0,0,0,0,0,0,0
1999-01-01,0.2338293343782425,63.98722457885742,53.77272033691406,69.46121215820312,0.0911023393273353,0.5830549597740173,0.1639842092990875,1.3240206241607666,0,0,0,0,0,0,0,0,0
1999-02-01,0.2279997318983078,58.316383361816406,44.1739501953125,67.28399658203125,0.1463281810283661,0.4696113765239715,0.0952834710478782,1.248893976211548,0,0,0,0,0,0,0,0,0
1999-03-01,0.4287277162075043,83.39727783203125,75.18807983398438,89.73835754394531,0.1271399408578872,0.7776233553886414,0.0413944013416767,1.9307531118392944,0,0,0,0,0,0,0,0,0
1999-04-01,0.4187085032463074,106.19801330566406,103.2333755493164,112.34139251708984,0.1457725912332534,1.0452204942703247,0.046523168683052,2.3571739196777344,0,0,0,0,0,0,0,0,0
1999-05-01,0.743427038192749,85.44113159179688,80.67141723632812,89.3775634765625,0.178301602602005,0.7736476063728333,0.0423088558018207,1.8464792966842647,0,0,0,0,0,0,0,0,0
1999-06-01,0.5265735983848572,79.4105453491211,83.76152038574219,75.96134948730469,0.3092089295387268,0.6980161666870117,0.045922115445137,1.631765842437744,0,0,0,0,0,0,0,0,0
1999-07-01,0.3253933191299438,62.14287185668945,54.25792694091797,66.83728790283203,0.2811650931835174,0.3001200556755066,0.0505465343594551,1.2352309226989746,0,0,0,0,0,0,0,0,0
1999-08-01,0.3371411859989166,62.858642578125,57.959991455078125,65.2621078491211,0.2323982864618301,0.5564466118812561,0.0752839520573616,1.2700074911117554,0,0,0,0,0,0,0,0,0
1999-09-01,0.3188936710357666,69.58151245117188,62.21402740478516,75.54266357421875,0.1262945234775543,0.6662035584449768,0.0694619864225387,1.3955544233322144,0,0,0,0,0,0,0,0,0
1999-10-01,0.3799217045307159,72.35348510742188,60.16195297241211,79.38410949707031,0.3770435154438019,0.8375546932220459,0.0719548687338829,1.482270359992981,0,0,0,0,0,0,0,0,0
1999-11-01,0.3106703162193298,57.9638671875,52.49796676635742,60.38698196411133,0.1523479521274566,0.6512128114700317,0.0716931521892547,1.1889114379882812,0,0,0,0,0,0,0,0,0
1999-12-01,0.4128687977790832,86.0849380493164,86.46973419189453,95.51082611083984,0.2318417131900787,0.9718296527862548,0.2032584846019745,1.8293263912200928,0,0,0,0,0,0,0,0,0
2000-01-01,0.2667705714702606,64.45780944824219,64.25041198730469,65.57360076904297,0.2517834603786468,0.7313710451126099,0.0629458650946617,1.1989688873291016,0,0,0,0,0,0,0,0,0
2000-02-01,0.2094018459320068,63.54172134399414,68.08216857910156,57.65135955810547,0.1456708461046219,0.5341264009475708,0.048556949943304,1.2321325540542605,0,0,0,0,0,0,0,0,0
2000-03-01,0.2764623761177063,50.10198593139648,40.81640625,55.03073501586914,0.2080310881137848,0.3503681719303131,0.0602195262908935,1.0100457668304443,0,0,0,0,0,0,0,0,0
2000-04-01,0.2068841457366943,48.6827392578125,40.91702651977539,53.30490493774414,0.1199328377842903,0.4407531917095184,0.0329815298318862,1.0314223766326904,0,0,0,0,0,0,0,0,0
2000-05-01,0.3068792223930359,79.48287963867188,83.22781372070312,77.26969909667969,0.4091722667217254,0.4660017490386963,0.0426221117377281,1.392322301864624,0,0,0,0,0,0,0,0,0
2000-06-01,0.3349747955799103,64.71781921386719,53.17440032958984,73.57466888427734,0.2347686737775802,0.5182088613510132,0.0286303255707025,1.2740495204925537,0,0,0,0,0,0,0,0,0
2000-07-01,0.3350828886032104,51.90402221679688,41.059078216552734,57.31697463989258,0.2520534992218017,0.4092162549495697,0.0326186865568161,0.9578033089637756,0,0,0,0,0,0,0,0,0
2000-08-01,0.186522975564003,46.49225616455078,41.58592224121094,49.192291259765625,0.2102084308862686,0.3375177681446075,0.0532922782003879,0.820108950138092,0,0,0,0,0,0,0,0,0
2000-09-01,0.2797124683856964,52.68999862670898,35.192142486572266,64.44499206542969,0.1370591074228286,0.3636261820793152,0.0783194899559021,1.104864239692688,0,0,0,0,0,0,0,0,0
2000-10-01,0.1814782172441482,76.45652770996094,77.61014556884766,82.38760375976562,0.1182358115911483,0.4481962025165558,0.291465014219284,1.7102947235107422,0,0,0,0,0,0,0,0,0
2000-11-01,0.1612948030233383,45.06056213378906,47.206809997558594,44.357688903808594,0.1056759059429168,0.2864373326301574,0.1056759059429168,0.9510831832885742,0,0,0,0,0,0,0,0,0
2000-12-01,0.1759856790304184,45.39509963989258,43.98335266113281,46.16897964477539,0.1605483293533325,0.3241841495037079,0.1142363175749778,0.9818148016929626,0,0,0,0,0,0,0,0,0
2001-01-01,0.2576051354408264,46.89955520629883,38.34331893920898,53.70235824584961,0.1476164311170578,0.3878549337387085,0.0665721148252487,1.0246317386627195,0,0,0,0,0,0,0,0,0
2001-02-01,0.3127665519714355,55.08771133422852,45.42667388916016,63.68989181518555,0.1737592071294784,0.4359776377677917,0.1548036485910415,1.1720848083496094,0,0,0,0,0,0,0,0,0
2001-03-01,0.2573720812797546,61.70895385742188,56.86698913574219,66.72218322753906,0.101306028664112,0.3477260768413543,0.0657120198011398,1.1910302639007568,0,0,0,0,0,0,0,0,0
2001-04-01,0.4010493755340576,50.5687370300293,47.17219924926758,52.7736701965332,0.0934776738286018,0.2804329991340637,0.0452311299741268,1.1368091106414795,0,0,0,0,0,0,0,0,0
2001-05-01,0.3331435024738312,60.376861572265625,56.86418914794922,61.344993591308594,0.119589976966381,0.5068337321281433,0.0512528456747531,1.2756264209747314,0,0,0,0,0,0,0,0,0
2001-06-01,0.2858163714408874,72.06433868408203,64.2144775390625,79.31310272216797,0.1220674067735672,0.4525425732135772,0.1607716977596283,1.5124449729919434,0,0,0,0,0,0,0,0,0
2001-07-01,0.3105297684669494,61.072940826416016,52.618770599365234,65.49278259277344,0.1662432104349136,0.5144129991531372,0.0564599595963954,1.317399024963379,0,0,0,0,0,0,0,0,0
2001-08-01,0.2181500941514969,64.10773468017578,74.89220428466797,55.23207473754883,0.1184243336319923,0.3334579765796661,0.0592121668159961,1.3494141101837158,0,0,0,0,0,0,0,0,0
2001-09-01,0.7703881859779358,498.64788818359375,841.177490234375,260.16961669921875,0.9419199228286744,1.6972614526748655,1.4384592771530151,13.229009628295898,0,0,0,0,0,0,0,0,0
2001-10-01,0.6591466665267944,512.5297241210938,854.074951171875,261.347412109375,0.9459720253944396,1.8174798488616943,1.0700792074203491,13.10019588470459,0,0,0,0,0,0,0,0,0
2001-11-01,0.360622376203537,306.785888671875,509.7461242675781,149.79522705078125,0.5729242563247681,1.3785080909729004,0.5525665283203125,7.890068531036377,0,0,0,0,0,0,0,0,0
2001-12-01,0.3893409967422485,236.0997467041016,381.9725036621094,126.19801330566406,0.737194836139679,0.8999521136283875,0.3829583525657654,6.047550678253174,0,0,0,0,0,0,0,0,0
2002-01-01,0.3410267233848572,172.47720336914062,262.2870178222656,106.9162368774414,0.8068935871124268,0.4597771167755127,0.2375007569789886,4.232385158538818,0,0,0,0,0,0,0,0,0
2002-02-01,0.3734973669052124,146.1857147216797,212.90550231933597,95.78031158447266,0.3170019686222076,0.5210131406784058,0.2856156527996063,3.621983051300049,0,0,0,0,0,0,0,0,0
2002-03-01,0.2838111817836761,151.9763641357422,219.9688415527344,99.12334442138672,0.2172024399042129,0.6023747324943542,0.5357660055160522,3.863307237625122,0,0,0,0,0,0,0,0,0
2002-04-01,0.1687116622924804,157.49655151367188,225.64035034179688,100.74444580078124,0.1932515352964401,0.5368098020553589,0.5674846768379211,3.8404908180236816,0,0,0,0,0,0,0,0,0
2002-05-01,0.2767774760723114,163.3223114013672,209.4087829589844,142.246826171875,0.7053361535072327,0.8422368168830872,0.2529686689376831,4.089163780212402,0,0,0,0,0,0,0,0,0
2002-06-01,0.2251835465431213,149.33042907714844,189.1234893798828,127.7907485961914,0.9007341861724854,0.7187365293502808,0.2652847170829773,3.673884868621826,0,0,0,0,0,0,0,0,0
2002-07-01,0.1773218065500259,122.7783432006836,168.41973876953125,94.34967803955078,0.3293119370937347,0.379975289106369,0.1709888875484466,2.954308032989502,0,0,0,0,0,0,0,0,0
2002-08-01,0.2581644654273987,127.06451416015624,157.46444702148438,101.69573974609376,0.2678456306457519,0.5485994815826416,0.3775655031204223,3.130244016647339,0,0,0,0,0,0,0,0,0
2002-09-01,0.5098593235015869,174.90333557128906,188.7191925048828,174.5314483642578,0.2457153350114822,1.0412187576293943,0.5190736651420593,4.386018753051758,0,0,0,0,0,0,0,0,0
2002-10-01,0.5941870808601379,172.03192138671875,197.3990631103516,167.02581787109375,0.2802769243717193,1.2135990858078003,0.2718686163425445,4.156506538391113,0,0,0,0,0,0,0,0,0
2002-11-01,0.3623828887939453,159.12759399414062,179.06283569335938,155.0137481689453,0.1944493502378463,0.9516233801841736,0.3358670771121979,3.697484016418457,0,0,0,0,0,0,0,0,0
2002-12-01,0.4834629893302917,175.8117218017578,175.19842529296875,182.9995574951172,0.3041654527187347,0.9028911590576172,0.3425863683223724,4.328754901885986,0,0,0,0,0,0,0,0,0
2003-01-01,0.8186229467391968,206.43460083007807,176.95985412597656,245.8175506591797,0.2857738137245178,1.155002474784851,0.4227071106433868,4.968297004699707,0,0,0,0,0,0,0,0,0
2003-02-01,0.9446306228637696,239.6109313964844,213.080322265625,296.7597961425781,0.2457316070795059,1.333971619606018,0.3733843863010406,5.824158191680908,0,0,0,0,0,0,0,0,0
2003-03-01,0.8065186738967896,358.711181640625,429.1441955566406,362.41107177734375,0.3270419239997864,1.6961835622787476,0.7483162879943848,9.004739761352539,0,0,0,0,0,0,0,0,0
2003-04-01,0.8890054821968079,255.77517700195312,331.6032409667969,212.6054534912109,0.2098635882139206,1.1629940271377563,0.4226419627666473,6.5873847007751465,0,0,0,0,0,0,0,0,0
2003-05-01,0.4654217362403869,162.1218719482422,186.8463592529297,153.3962860107422,0.2855347990989685,0.9251327514648438,0.6767175197601318,4.000342845916748,0,0,0,0,0,0,0,0,0
2003-06-01,0.4519841969013214,145.7697296142578,176.91827392578125,127.83353424072266,0.2380450218915939,0.5996323823928833,0.2561243772506714,3.5495827198028564,0,0,0,0,0,0,0,0,0
2003-07-01,0.3865149319171905,134.89891052246094,167.4486541748047,108.3927993774414,0.2822172343730926,0.3527715504169464,0.2668793499469757,3.4111475944519043,0,0,0,0,0,0,0,0,0
2003-08-01,0.4040403962135315,138.23092651367188,180.0001220703125,109.64905548095705,0.2766122817993164,0.6464646458625793,0.2579642534255981,3.3566434383392334,0,0,0,0,0,0,0,0,0
2003-09-01,0.2971462309360504,118.19628143310548,143.5571746826172,99.72046661376952,0.3089143931865692,0.514857292175293,0.1559282094240188,2.8184759616851807,0,0,0,0,0,0,0,0,0
2003-10-01,0.353194922208786,108.3173828125,129.9432830810547,93.02832794189452,0.2129954099655151,0.5554057955741882,0.1887301206588745,2.644917726516724,0,0,0,0,0,0,0,0,0
2003-11-01,0.2858776450157165,118.0866928100586,153.246337890625,93.3315887451172,0.1925912499427795,0.3942102193832397,0.29791459441185,2.870813369750977,0,0,0,0,0,0,0,0,0
2003-12-01,0.4650866389274597,129.46507263183594,164.98052978515625,107.44403839111328,0.2516564726829529,0.4937563836574554,0.2452854216098785,3.160040855407715,0,0,0,0,0,0,0,0,0
2004-01-01,0.3638966679573059,113.46759033203124,126.08518981933594,106.71729278564452,0.3191552758216858,0.3310863077640533,0.1819483339786529,2.693431854248047,0,0,0,0,0,0,0,0,0
2004-02-01,0.3883016407489776,115.0759735107422,129.24427795410156,104.11482238769533,0.2496224790811538,0.4961632192134857,0.1355973929166793,2.816727876663208,0,0,0,0,0,0,0,0,0
2004-03-01,0.3231433629989624,138.53207397460938,183.70297241210935,109.12393951416016,0.2602304816246032,0.42037233710289,0.1830192506313324,3.165661096572876,0,0,0,0,0,0,0,0,0
2004-04-01,0.4470139443874359,149.6313934326172,205.3251953125,121.14622497558594,0.1877458542585373,0.4201931059360504,0.3278102278709411,3.5463106632232666,0,0,0,0,0,0,0,0,0
2004-05-01,0.4165933132171631,121.0911865234375,159.94842529296875,91.96539306640624,0.190694123506546,0.3227131366729736,0.2875080704689026,2.880948305130005,0,0,0,0,0,0,0,0,0
2004-06-01,0.4477344751358032,137.23391723632812,178.03662109375,106.79373931884766,0.2387917190790176,0.5760850310325623,0.5611605048179626,3.3609933853149414,0,0,0,0,0,0,0,0,0
2004-07-01,0.3076273500919342,131.0198516845703,159.81219482421875,121.2677764892578,0.2925475835800171,0.370962381362915,0.3347709476947784,3.175800085067749,0,0,0,0,0,0,0,0,0
2004-08-01,0.2644618153572082,140.36582946777344,176.45431518554688,127.44524383544922,0.1489497572183609,0.5380429625511169,0.1945466101169586,3.450162649154663,0,0,0,0,0,0,0,0,0
2004-09-01,0.4247300624847412,153.87161254882812,189.355224609375,130.20606994628906,0.242275595664978,0.993030846118927,0.2572308778762817,3.508509635925293,0,0,0,0,0,0,0,0,0
2004-10-01,0.3320357203483581,119.86279296875,148.24447631835938,100.50788116455078,0.1173574551939964,0.4866040647029876,0.1402564644813537,2.939661026000977,0,0,0,0,0,0,0,0,0
2004-11-01,0.3632433712482452,122.70738983154295,151.67926025390625,98.92665100097656,0.1861246973276138,0.5013359189033508,0.1350905150175094,2.974993228912353,0,0,0,0,0,0,0,0,0
2004-12-01,0.4096408486366272,109.89522552490234,145.225341796875,81.60477447509766,0.2349877804517746,0.3810612559318542,0.2000571638345718,2.58486557006836,0,0,0,0,0,0,0,0,0
2005-01-01,0.4525432884693146,100.88758850097656,128.5348663330078,78.19856262207031,0.235322505235672,0.3318650722503662,0.1870512217283249,2.455801486968994,0,0,0,0,0,0,0,0,0
2005-02-01,0.6273525953292847,108.97796630859376,108.79598236083984,104.7703628540039,0.1737284064292907,0.524402379989624,0.115818940103054,2.622012138366699,0,0,0,0,0,0,0,0,0
2005-03-01,0.5297520160675049,90.41048431396484,87.87673950195312,87.22633361816406,0.2119008004665374,0.4896626770496368,0.1403127014636993,2.1218717098236084,0,0,0,0,0,0,0,0,0
2005-04-01,0.3649312853813171,87.03240203857422,102.85391235351562,72.53263092041016,0.2266105562448501,0.2648694813251495,0.0735748559236526,1.9423761367797847,0,0,0,0,0,0,0,0,0
2005-05-01,0.4126794338226318,98.20596313476562,104.9098892211914,89.93269348144531,0.1614832580089569,0.4156698584556579,0.0867224857211113,2.28169846534729,0,0,0,0,0,0,0,0,0
2005-06-01,0.388472318649292,81.12405395507812,93.4175262451172,69.88249969482422,0.1927304416894912,0.2981299161911011,0.1325021833181381,1.9303158521652224,0,0,0,0,0,0,0,0,0
2005-07-01,0.7235094904899597,165.90191650390625,237.5650177001953,118.1835708618164,0.3663339018821716,0.57697594165802,0.1923253089189529,3.4862778186798096,0,0,0,0,0,0,0,0,0
2005-08-01,0.3948986828327179,116.2276611328125,143.29122924804688,92.68307495117188,0.2136337161064148,0.4110830724239349,0.2945555746555328,2.485919713973999,0,0,0,0,0,0,0,0,0
2005-09-01,0.4994596540927887,103.8076629638672,130.27203369140625,78.45670318603516,0.2599526941776275,0.467330664396286,0.1109910309314727,2.362940788269043,0,0,0,0,0,0,0,0,0
2005-10-01,0.2470554411411285,87.06182861328125,105.56188201904295,73.18765258789062,0.158000573515892,0.3878195881843567,0.0718184411525726,2.013789176940918,0,0,0,0,0,0,0,0,0
2005-11-01,0.3903748095035553,83.48009490966797,96.0295867919922,70.60446166992188,0.1738387942314148,0.3476775884628296,0.0823446884751319,1.7658361196517944,0,0,0,0,0,0,0,0,0
2005-12-01,0.2132396697998047,95.35025024414062,130.6789093017578,69.64460754394531,0.1881526559591293,0.2540060877799988,0.1066198348999023,2.129260778427124,0,0,0,0,0,0,0,0,0
2006-01-01,0.6309633851051331,94.51001739501952,100.19158172607422,89.32347106933594,0.2831640541553497,0.6709756851196289,0.1138811931014061,2.19144344329834,0,0,0,0,0,0,0,0,0
2006-02-01,0.471232533454895,95.85819244384766,102.79864501953124,89.40576171875,0.2515362799167633,0.5444645881652832,0.1623841822147369,2.225618600845337,0,0,0,0,0,0,0,0,0
2006-03-01,0.5279770493507385,92.79762268066406,97.03602600097656,88.04222869873047,0.3500717282295227,0.5824964046478271,0.126255378127098,2.1922523975372314,0,0,0,0,0,0,0,0,0
2006-04-01,0.538999080657959,89.01580047607422,92.8307113647461,85.9110107421875,0.2381623834371566,0.4982607960700989,0.1034126132726669,2.043182611465454,0,0,0,0,0,0,0,0,0
2006-05-01,0.5686069130897522,85.20877838134766,82.27742767333984,84.03312683105469,0.1406553983688354,0.5446655750274658,0.0688313618302345,2.002094984054565,0,0,0,0,0,0,0,0,0
2006-06-01,0.5409652590751648,102.57276916503906,115.67947387695312,90.38453674316406,0.2266614288091659,0.5893197059631348,0.1148417890071868,2.342168092727661,0,0,0,0,0,0,0,0,0
2006-07-01,0.7432346343994141,137.13482666015625,142.0860595703125,134.39634704589844,0.3843221962451935,0.8829881548881531,0.2668021917343139,2.9761147499084477,0,0,0,0,0,0,0,0,0
2006-08-01,0.4711653292179107,147.08111572265625,159.18817138671875,141.55645751953125,0.2549456357955932,0.5518442988395691,0.1323135495185852,3.033530235290528,0,0,0,0,0,0,0,0,0
2006-09-01,0.4917286336421966,111.72425842285156,114.77066802978516,110.28041076660156,0.1699802726507187,0.5160115361213684,0.1487327367067337,2.479890823364258,0,0,0,0,0,0,0,0,0
2006-10-01,1.0864711999893188,113.1352996826172,99.27391815185548,125.2918930053711,0.2589671015739441,0.7947611212730408,0.1339485049247741,2.592647790908813,0,0,0,0,0,0,0,0,0
2006-11-01,0.4281159937381744,88.77892303466797,86.71051025390625,87.27577209472656,0.221648707985878,0.4098982810974121,0.0971610769629478,1.9614392518997192,0,0,0,0,0,0,0,0,0
2006-12-01,0.4128470122814178,90.60655975341795,78.7696533203125,95.78137969970705,0.2438073009252548,0.5396268367767334,0.2080488950014114,2.060984373092652,0,0,0,0,0,0,0,0,0
2007-01-01,0.3582458198070526,97.9200439453125,97.65373992919922,95.61344909667967,0.1482396572828292,0.3304508924484253,0.1605929583311081,2.368746042251587,0,0,0,0,0,0,0,0,0
2007-02-01,0.5049505233764648,96.16935729980467,90.95567321777344,98.1557388305664,0.2112211287021637,0.5907590985298157,0.2376237660646438,2.303630352020264,0,0,0,0,0,0,0,0,0
2007-03-01,0.410570740699768,87.33650207519531,83.9186019897461,86.1521224975586,0.1445671617984771,0.390331357717514,0.187937319278717,1.9545481204986568,0,0,0,0,0,0,0,0,0
2007-04-01,0.3333119750022888,76.6133804321289,83.41928100585938,69.22551727294922,0.1346067488193512,0.285238116979599,0.1121722981333732,1.7691173553466797,0,0,0,0,0,0,0,0,0
2007-05-01,0.3244646191596985,92.5995864868164,103.89258575439452,82.30323028564453,0.1492537260055542,0.376378983259201,0.1265412122011184,1.9922128915786743,0,0,0,0,0,0,0,0,0
2007-06-01,0.3835668563842773,97.9723129272461,109.30941009521484,87.08059692382812,0.2092182785272598,0.5008559226989746,0.1204590126872062,2.1809420585632324,0,0,0,0,0,0,0,0,0
2007-07-01,0.375489592552185,112.34625244140624,127.13468170166016,103.2634048461914,0.3495937585830688,0.4240442812442779,0.1747968792915344,2.392127752304077,0,0,0,0,0,0,0,0,0
2007-08-01,0.2856508195400238,83.17320251464844,100.14825439453124,73.12574005126953,0.1459992974996566,0.3269114792346954,0.1364776045083999,1.9360777139663696,0,0,0,0,0,0,0,0,0
2007-09-01,0.5693193078041077,94.4888687133789,92.24872589111328,94.93997955322266,0.2252252250909805,0.4973723590373993,0.1438938975334167,2.180305242538452,0,0,0,0,0,0,0,0,0
2007-10-01,0.5663777589797974,101.47301483154295,97.4951629638672,103.61026763916016,0.2402814775705337,0.5692382454872131,0.1086987629532814,2.3484654426574707,0,0,0,0,0,0,0,0,0
2007-11-01,0.4553761482238769,89.79544830322266,81.56842803955078,95.7384796142578,0.2816141843795776,0.4403966665267944,0.1887414306402206,1.9533239603042605,0,0,0,0,0,0,0,0,0
2007-12-01,0.4925629496574402,94.96749114990234,84.13076782226562,98.5313720703125,0.1782300174236297,0.6319063901901245,0.1555461883544922,2.1452412605285645,0,0,0,0,0,0,0,0,0
2008-01-01,0.3518824279308319,81.49982452392578,83.74764251708984,76.40237426757812,0.2304362654685974,0.2864883244037628,0.1463581770658493,1.8372621536254885,0,0,0,0,0,0,0,0,0
2008-02-01,0.2860684692859649,80.75146484375,86.75279235839844,72.52851104736328,0.1398556977510452,0.3814246356487274,0.0635707676410675,1.7704459428787231,0,0,0,0,0,0,0,0,0
2008-03-01,0.343717098236084,77.63613891601562,83.48439025878906,72.02967834472656,0.1331516653299331,0.291075736284256,0.099089615046978,1.6349786520004272,0,0,0,0,0,0,0,0,0
2008-04-01,0.2945275008678436,71.9048080444336,69.99274444580078,69.45796966552734,0.1235115304589271,0.2818596363067627,0.0760070905089378,1.6309856176376345,0,0,0,0,0,0,0,0,0
2008-05-01,0.3968859612941742,72.57379913330078,74.78978729248047,70.67774963378906,0.2350786179304123,0.3449854850769043,0.2045489251613617,1.6150206327438354,0,0,0,0,0,0,0,0,0
2008-06-01,0.3718684613704681,87.54842376708984,80.34490203857422,88.88606262207031,0.18267223238945,0.3262004256248474,0.1043841317296028,1.856080412864685,0,0,0,0,0,0,0,0,0
2008-07-01,0.4524587988853454,89.73957061767578,88.16068267822266,84.3224868774414,0.2675121426582336,0.5350242853164673,0.0660523772239685,2.0377159118652344,0,0,0,0,0,0,0,0,0
2008-08-01,0.3737195134162903,88.55410766601562,105.06571197509766,75.76971435546875,0.276952862739563,1.124495267868042,0.0633988454937934,1.955353856086731,0,0,0,0,0,0,0,0,0
2008-09-01,0.3840395808219909,88.54255676269531,94.46100616455078,82.01426696777344,0.2766386866569519,0.8331705927848816,0.0488185882568359,2.0341079235076904,0,0,0,0,0,0,0,0,0
2008-10-01,0.349890649318695,64.15979766845703,75.28266143798828,53.11738967895508,0.2030615359544754,0.4154951572418213,0.0937207117676734,1.380818486213684,0,0,0,0,0,0,0,0,0
2008-11-01,0.3007163107395172,79.08097076416016,95.14356231689452,68.30364990234375,0.5102040767669678,0.4730368852615356,0.155426412820816,1.7603729963302612,0,0,0,0,0,0,0,0,0
2008-12-01,0.2908385992050171,92.3664321899414,109.21497344970705,83.84313201904297,0.8874305486679077,0.3803273737430572,0.1305044889450073,1.924009084701538,0,0,0,0,0,0,0,0,0
2009-01-01,0.2487992048263549,85.36947631835938,89.7125473022461,86.31317138671875,0.3455544412136078,0.321365624666214,0.2107882052659988,1.765783190727234,0,0,0,0,0,0,0,0,0
2009-02-01,0.312123954296112,67.45267486572266,64.58635711669922,64.77291107177734,0.2444344162940979,0.3647713661193847,0.0864921808242797,1.58318293094635,0,0,0,0,0,0,0,0,0
2009-03-01,0.2463396042585373,72.64462280273438,74.83297729492188,69.17710876464844,0.2151134610176086,0.3192006051540375,0.0832697227597236,1.637637972831726,0,0,0,0,0,0,0,0,0
2009-04-01,0.5855985879898071,85.6884994506836,83.98128509521484,84.48536682128906,0.3578658103942871,0.60005784034729,0.0975997671484947,1.995373010635376,0,0,0,0,0,0,0,0,0
2009-05-01,0.3955696225166321,89.68086242675781,92.64315032958984,86.63702392578125,0.370397001504898,0.4387226700782776,0.1186708882451057,2.078538656234741,0,0,0,0,0,0,0,0,0
2009-06-01,0.409851461648941,81.10958862304688,74.5913314819336,80.80081939697266,0.2368866354227066,0.4624929428100586,0.12408347427845,1.759729266166687,0,0,0,0,0,0,0,0,0
2009-07-01,0.3897294700145721,83.43962097167969,80.12088012695312,82.10675048828125,0.1986856162548065,0.5349228382110596,0.0993428081274032,1.9257221221923828,0,0,0,0,0,0,0,0,0
2009-08-01,0.380121648311615,73.37187957763672,78.04385375976562,64.70917510986328,0.1600512117147445,0.400128036737442,0.0440140850841999,1.6925415992736816,0,0,0,0,0,0,0,0,0
2009-09-01,0.6145908236503601,92.8399887084961,77.7846450805664,97.492919921875,0.193482294678688,0.8763610124588013,0.0986380353569984,2.2041807174682617,0,0,0,0,0,0,0,0,0
2009-10-01,0.4267121851444244,90.57640075683594,90.4251480102539,88.22991180419922,0.3449256718158722,0.5831733345985413,0.081786498427391,2.1051135063171387,0,0,0,0,0,0,0,0,0
2009-11-01,0.3735752701759338,82.10176086425781,85.0097885131836,74.31538391113281,0.1982236057519912,0.4383791387081146,0.1219837591052055,1.7382686138153076,0,0,0,0,0,0,0,0,0
2009-12-01,0.3660793304443359,92.94691467285156,95.87136840820312,89.34334564208984,0.2936680316925049,0.4827419817447662,0.1448225975036621,2.2085444927215576,0,0,0,0,0,0,0,0,0
2010-01-01,0.3660024404525757,91.58102416992188,100.41094207763672,84.97299194335938,0.199637696146965,0.3438204824924469,0.2144256681203842,2.0555288791656494,0,0,0,0,0,0,0,0,0
2010-02-01,0.5097396969795227,80.72535705566406,80.71173858642578,78.84627532958984,0.2075368613004684,0.4187147319316864,0.1274349242448806,1.8095757961273196,0,0,0,0,0,0,0,0,0
2010-03-01,0.3767309188842773,74.116943359375,70.03934478759766,73.49691009521484,0.1798805296421051,0.5532174706459045,0.1120010837912559,1.6630464792251587,0,0,0,0,0,0,0,0,0
2010-04-01,0.5623576045036316,88.76158142089844,81.26840209960938,92.05691528320312,0.2811788022518158,0.7901480793952942,0.0818621888756752,1.9718109369277956,0,0,0,0,0,0,0,0,0
2010-05-01,0.6482871770858765,88.95870971679688,85.85739135742188,87.49411010742188,0.2729630172252655,0.5595741868019104,0.0818889066576957,2.033574342727661,0,0,0,0,0,0,0,0,0
2010-06-01,0.3715170323848724,96.45369720458984,70.9886245727539,110.69171905517578,0.1651186794042587,0.5297557711601257,0.0756793916225433,2.119023084640503,0,0,0,0,0,0,0,0,0
2010-07-01,0.2180488109588623,79.38137817382812,84.04823303222656,75.18537902832031,0.2708025574684143,0.2813532948493957,0.0879229083657264,1.6248153448104858,0,0,0,0,0,0,0,0,0
2010-08-01,0.3266624212265014,80.99386596679688,85.98257446289062,71.95153045654297,0.266586571931839,0.3942477405071258,0.1201516911387443,1.7309353351593018,0,0,0,0,0,0,0,0,0
2010-09-01,0.3376002311706543,71.16854858398438,69.29395294189453,68.94754028320312,0.1652834415435791,0.3165002167224884,0.0668167099356651,1.5473343133926392,0,0,0,0,0,0,0,0,0
2010-10-01,0.2827645242214203,65.99193572998047,76.16891479492188,62.0961799621582,0.1742618530988693,0.2400210499763488,0.1315183788537979,1.4335503578186035,0,0,0,0,0,0,0,0,0
2010-11-01,0.681317925453186,94.70516967773438,83.2665023803711,98.68914794921876,0.2550574839115143,0.6778239607810974,0.2375877797603607,2.0334718227386475,0,0,0,0,0,0,0,0,0
2010-12-01,0.5287208557128906,97.20389556884766,91.7621078491211,100.3976821899414,0.2454775422811508,0.630688488483429,0.1170739084482193,2.1148834228515625,0,0,0,0,0,0,0,0,0
2011-01-01,0.4670190513134002,79.42161560058594,78.8069839477539,76.59356689453125,0.1629136204719543,0.4778799414634704,0.0615451447665691,1.527767777442932,0,0,0,0,0,0,0,0,0
2011-02-01,0.3984063863754272,90.01448822021484,85.48683166503906,90.18933868408205,0.1624569743871688,0.3287819623947143,0.2862336933612823,1.802498698234558,0,0,0,0,0,0,0,0,0
2011-03-01,0.5290300846099854,136.8883056640625,157.47984313964844,126.96572875976562,0.2195973992347717,0.7319913506507874,0.4857760667800903,2.9379470348358154,0,0,0,0,0,0,0,0,0
2011-04-01,0.2683459222316742,91.01776885986328,111.94474029541016,72.92317962646484,0.1109163090586662,0.2540341317653656,0.1717413812875747,1.9177788496017456,0,0,0,0,0,0,0,0,0
2011-05-01,0.207076296210289,105.34491729736328,123.82610321044922,95.5066375732422,0.2177871465682983,0.2177871465682983,0.2177871465682983,2.2956907749176025,0,0,0,0,0,0,0,0,0
2011-06-01,0.3636625409126282,84.391845703125,98.27275848388672,71.39112854003906,0.1908328235149383,0.2916501760482788,0.219637781381607,1.796709060668945,0,0,0,0,0,0,0,0,0
2011-07-01,0.2691740393638611,78.92475891113281,102.11175537109376,59.01904678344727,0.1696165204048156,0.2691740393638611,0.0921828895807266,1.5707964897155762,0,0,0,0,0,0,0,0,0
2011-08-01,0.2997714281082153,86.95156860351562,112.49906158447266,63.504676818847656,0.1348971426486969,0.3822085559368133,0.1836099922657013,1.704949975013733,0,0,0,0,0,0,0,0,0
2011-09-01,0.2805397808551788,83.35044860839844,95.26744079589844,70.606689453125,0.1882102340459823,0.2876420319080353,0.1704545468091964,1.6370738744735718,0,0,0,0,0,0,0,0,0
2011-10-01,0.3722563683986664,76.33993530273438,92.34331512451172,64.18510437011719,0.2001755982637405,0.3090430200099945,0.316066712141037,1.5346795320510864,0,0,0,0,0,0,0,0,0
2011-11-01,0.5906422138214111,83.15767669677734,70.11003875732422,95.57453155517578,0.1565557718276977,0.6191069483757019,0.305995374917984,1.7399039268493652,0,0,0,0,0,0,0,0,0
2011-12-01,0.551498532295227,85.34132385253906,77.47647857666016,88.89408111572266,0.1597444117069244,0.4602160453796386,0.2396166175603866,1.8332573175430296,0,0,0,0,0,0,0,0,0
2012-01-01,0.5609212517738342,79.63497161865234,62.06843185424805,93.6095962524414,0.17459137737751,0.4383358061313629,0.282317966222763,1.775631546974182,0,0,0,0,0,0,0,0,0
2012-02-01,0.8188916444778442,92.4458236694336,78.59986114501953,104.2074966430664,0.2932774722576141,0.8874499797821045,0.35040944814682,1.908208012580872,0,0,0,0,0,0,0,0,0
2012-03-01,0.6241809725761414,88.75997924804688,85.85698699951172,87.85648345947266,0.1758742034435272,0.6862542033195496,0.2207048833370208,1.910476565361023,0,0,0,0,0,0,0,0,0
2012-04-01,0.8006070852279663,96.01668548583984,86.38436889648438,101.92078399658205,0.2656042575836181,0.5805349946022034,0.2048947066068649,1.9654715061187744,0,0,0,0,0,0,0,0,0
2012-05-01,0.4804913401603699,78.17115783691406,69.74354553222656,80.6348876953125,0.1625722497701645,0.5708092451095581,0.1914739906787872,1.6257225275039673,0,0,0,0,0,0,0,0,0
2012-06-01,0.4788089692592621,77.82243347167969,82.17473602294922,70.23216247558594,0.1009987667202949,0.796768069267273,0.2431451827287674,1.488796591758728,0,0,0,0,0,0,0,0,0
2012-07-01,0.4890446364879608,82.80802154541016,91.00080108642578,79.33626556396484,0.20023874938488,0.7547460198402405,0.2117909789085388,1.6981786489486694,0,0,0,0,0,0,0,0,0
2012-08-01,0.3026905953884125,74.87835693359375,78.11161804199219,70.9891586303711,0.1457399129867553,0.3849028348922729,0.3213751912117004,1.7376681566238403,0,0,0,0,0,0,0,0,0
2012-09-01,0.3664883077144623,69.28050994873047,65.87126159667969,68.40282440185547,0.1282709091901779,0.3408341407775879,0.1429304331541061,1.5685700178146362,0,0,0,0,0,0,0,0,0
2012-10-01,0.3419399857521057,81.66366577148438,88.03089904785156,74.20600891113281,0.0802512243390083,0.4396371245384216,0.188415914773941,1.563154220581055,0,0,0,0,0,0,0,0,0
2012-11-01,0.3051484823226928,81.38964080810547,89.04841613769531,75.65846252441406,0.1206400990486145,0.3016002476215362,0.1667671948671341,1.5683213472366333,0,0,0,0,0,0,0,0,0
2012-12-01,0.3067722916603088,74.83155822753906,82.9786148071289,66.24052429199219,0.0893134549260139,0.4426840543746948,0.0970798358321189,1.5649269819259644,0,0,0,0,0,0,0,0,0
2013-01-01,0.3412718772888183,90.6574935913086,108.9493179321289,84.139892578125,0.1174268797039985,0.3559502363204956,0.088070161640644,1.757733702659607,0,0,0,0,0,0,0,0,0
2013-02-01,0.4657588303089142,81.59033203125,85.65817260742188,77.60531616210938,0.1144661530852317,0.4460232853889465,0.1342016905546188,1.8393527269363403,0,0,0,0,0,0,0,0,0
2013-03-01,0.4113183319568634,75.89672088623047,69.39681243896484,81.89175415039062,0.0921920463442802,0.4042266607284546,0.1879299283027649,1.6417275667190552,0,0,0,0,0,0,0,0,0
2013-04-01,0.6476489901542664,95.10787200927734,87.4727554321289,99.5219497680664,0.1460018008947372,0.5203653573989868,0.1497454345226287,2.21997594833374,0,0,0,0,0,0,0,0,0
2013-05-01,0.2741900682449341,83.71731567382812,98.22759246826172,75.3292236328125,0.1226639747619628,0.5988888144493103,0.1298795044422149,1.7678042650222778,0,0,0,0,0,0,0,0,0
2013-06-01,0.4147798717021942,82.97300720214844,86.63420104980469,78.82188415527344,0.1179649159312248,0.5631873607635498,0.1978766322135925,1.8646067380905151,0,0,0,0,0,0,0,0,0
2013-07-01,0.2670436799526214,73.97581481933594,72.67587280273438,71.55718994140625,0.0785422548651695,0.3023876845836639,0.1217404976487159,1.4333962202072144,0,0,0,0,0,0,0,0,0
2013-08-01,0.2716663479804992,90.95674896240234,106.97908782958984,80.73957824707031,0.1760091781616211,0.6045532822608948,0.2831452190876007,2.058542251586914,0,0,0,0,0,0,0,0,0
2013-09-01,0.3694297075271606,100.4593276977539,100.16348266601562,100.3842315673828,0.1269914507865905,0.9889940619468688,0.2193488776683807,2.3628108501434326,0,0,0,0,0,0,0,0,0
2013-10-01,0.3399761319160461,72.95311737060547,78.73002624511719,65.50166320800781,0.1265868544578552,0.502730667591095,0.169988065958023,1.5660603046417236,0,0,0,0,0,0,0,0,0
2013-11-01,0.4999053180217743,77.77902221679688,52.43838119506836,92.4988784790039,0.1590607911348343,0.6362431645393372,0.3862904608249664,1.7572429180145264,0,0,0,0,0,0,0,0,0
2013-12-01,0.3580349683761596,70.37248992919922,66.79072570800781,70.09461212158203,0.0791007503867149,0.3913405537605285,0.1623646914958953,1.631973385810852,0,0,0,0,0,0,0,0,0
2014-01-01,0.274941086769104,77.91596984863281,83.1458969116211,70.48076629638672,0.0942655131220817,0.5223880410194397,0.1846033036708831,1.6967792510986328,0,0,0,0,0,0,0,0,0
2014-02-01,0.2944836020469665,69.00352478027344,59.08655548095703,73.27865600585938,0.1036914139986038,0.6097055077552795,0.1202820390462875,1.4558274745941162,0,0,0,0,0,0,0,0,0
2014-03-01,0.606511652469635,119.83855438232422,74.0618896484375,151.67477416992188,0.2418604642152786,2.3293023109436035,0.1674418598413467,2.701395273208618,0,0,0,0,0,0,0,0,0
2014-04-01,0.4259178936481476,93.22154235839844,60.90629959106445,113.13993072509766,0.1025357916951179,1.538036823272705,0.0709863156080246,2.1098711490631104,0,0,0,0,0,0,0,0,0
2014-05-01,0.4553151428699493,83.4288558959961,76.15043640136719,91.6987533569336,0.101599246263504,1.0385700464248655,0.0940733775496482,1.802445888519287,0,0,0,0,0,0,0,0,0
2014-06-01,0.2220812141895294,98.76710510253906,107.18201446533205,95.32296752929688,0.1189720779657363,0.8169416189193726,0.2974302172660827,2.1296002864837646,0,0,0,0,0,0,0,0,0
2014-07-01,0.5687612891197205,138.7539520263672,118.54683685302734,162.71510314941406,0.1451321840286255,1.851415991783142,0.1294422149658203,2.9183337688446045,0,0,0,0,0,0,0,0,0
2014-08-01,0.3972523510456085,136.44558715820312,112.11448669433594,158.59349060058594,0.1613837629556656,1.4938342571258545,0.1986261755228042,2.797318458557129,0,0,0,0,0,0,0,0,0
2014-09-01,0.4455684125423431,131.55665588378906,120.78192138671876,143.3953857421875,0.1404945403337478,1.5093127489089966,0.533879280090332,2.9062299728393555,0,0,0,0,0,0,0,0,0
2014-10-01,0.2357235252857208,83.66100311279297,77.19393157958984,86.33345031738281,0.1330697238445282,0.4752490222454071,0.1558816879987716,1.7717283964157104,0,0,0,0,0,0,0,0,0
2014-11-01,0.3742002844810486,84.38005065917969,76.33753204345703,88.46994018554688,0.1528990417718887,0.776566207408905,0.221301257610321,1.762362718582153,0,0,0,0,0,0,0,0,0
2014-12-01,0.2525582313537597,86.5262222290039,96.23736572265624,81.27322387695312,0.2003048062324524,0.7271935343742371,0.2003048062324524,1.7766165733337402,0,0,0,0,0,0,0,0,0
2015-01-01,0.288981020450592,111.9856948852539,153.33984375,83.50390625,0.2177828103303909,0.6365959048271179,0.2596641182899475,2.1024417877197266,0,0,0,0,0,0,0,0,0
2015-02-01,0.3238460123538971,111.92469787597656,107.79053497314452,118.22520446777344,0.1231527104973793,1.363802194595337,0.2052545100450515,2.4174420833587646,0,0,0,0,0,0,0,0,0
2015-03-01,0.3995551466941833,104.23526763916016,83.63285064697266,117.48873138427734,0.1318120062351226,0.7908720374107361,0.5313671231269836,2.496189832687378,0,0,0,0,0,0,0,0,0
2015-04-01,0.5016366839408875,102.19049072265624,95.08645629882812,110.18872833251952,0.1870509684085846,0.8247247338294983,0.7014411687850952,2.4401650428771973,0,0,0,0,0,0,0,0,0
2015-05-01,0.2950104773044586,76.2623291015625,72.86188507080078,77.66873168945312,0.1068878546357154,0.4532045125961303,0.5002351403236389,1.6674505472183228,0,0,0,0,0,0,0,0,0
2015-06-01,0.3204573094844818,85.90596771240234,88.7894287109375,81.06608581542969,0.1039320975542068,0.7058721780776978,0.3117963075637817,1.9097522497177124,0,0,0,0,0,0,0,0,0
2015-07-01,0.727304220199585,106.80866241455078,86.16881561279297,120.8429718017578,0.1861552447080612,0.8225464224815369,0.4502359330654144,2.4546518325805664,0,0,0,0,0,0,0,0,0
2015-08-01,0.4429365694522857,82.47853088378906,74.0282974243164,85.33859252929688,0.0989539176225662,0.5984355807304382,0.1696352809667587,1.8612760305404663,0,0,0,0,0,0,0,0,0
2015-09-01,0.4176091849803924,98.7674560546875,79.34535217285156,115.88518524169922,0.0652514323592186,1.070123553276062,0.3958587050437927,2.2881503105163574,0,0,0,0,0,0,0,0,0
2015-10-01,0.2757390141487121,91.931884765625,108.51441955566406,79.726318359375,0.0851546972990036,1.1962207555770874,0.3446737825870514,2.0396578311920166,0,0,0,0,0,0,0,0,0
2015-11-01,0.4885844886302948,150.71588134765625,213.99351501464844,113.04398345947266,0.2146118730306625,1.67123281955719,0.3287671208381653,3.168949842453003,0,0,0,0,0,0,0,0,0
2015-12-01,0.4672437608242035,148.23687744140625,204.6312713623047,115.224365234375,0.2655911743640899,0.9689159989356996,0.4278969168663025,3.349400043487549,0,0,0,0,0,0,0,0,0
2016-01-01,0.6952168941497803,118.21114349365234,109.5290985107422,124.23914337158205,0.2224694043397903,0.7044864892959595,0.5005561709403992,2.507415533065796,0,0,0,0,0,0,0,0,0
2016-02-01,0.4990703463554382,103.74964904785156,117.58201599121094,91.322021484375,0.0831783935427665,1.193854570388794,0.4207848012447357,2.245816707611084,0,0,0,0,0,0,0,0,0
2016-03-01,0.511520504951477,109.72029113769533,127.76814270019533,98.02693176269533,0.153908833861351,0.7785975933074951,0.2353899776935577,2.448961019515991,0,0,0,0,0,0,0,0,0
2016-04-01,0.3625040650367737,85.22145080566406,93.12298583984376,80.82244110107422,0.134777158498764,0.7761304974555969,0.2788492739200592,2.012362241744995,0,0,0,0,0,0,0,0,0
2016-05-01,0.446123719215393,88.3324203491211,93.63965606689452,84.46136474609375,0.0819410905241966,0.655528724193573,0.2458232790231704,1.9210634231567385,0,0,0,0,0,0,0,0,0
2016-06-01,0.3020720183849334,90.16812896728516,100.8573760986328,80.51286315917969,0.1085571348667144,0.54278564453125,0.1699155122041702,1.7746731042861938,0,0,0,0,0,0,0,0,0
2016-07-01,0.3781368136405945,114.6104507446289,145.14874267578125,97.0980453491211,0.2750085890293121,0.756273627281189,0.1915238350629806,2.460344791412353,0,0,0,0,0,0,0,0,0
2016-08-01,0.2894355952739715,98.73848724365234,121.45369720458984,82.44046783447266,0.1292123198509216,0.935497224330902,0.2015712261199951,2.150093078613281,0,0,0,0,0,0,0,0,0
2016-09-01,0.5847952961921692,104.54522705078124,121.15049743652344,95.48959350585938,0.1764468699693679,1.0485985279083252,0.3226456940174103,2.6114134788513184,0,0,0,0,0,0,0,0,0
2016-10-01,0.2650436758995056,85.74778747558594,100.30767822265624,79.64808654785156,0.1668793559074401,0.9963679313659668,0.289584755897522,1.997644066810608,0,0,0,0,0,0,0,0,0
2016-11-01,0.4768986105918884,82.91875457763672,83.97505950927734,81.22564697265625,0.1230706125497818,0.9794369339942932,0.1487103253602981,1.917850375175476,0,0,0,0,0,0,0,0,0
2016-12-01,0.5850464105606079,102.1804656982422,113.97946166992188,93.9366226196289,0.1610219478607177,1.2559711933135986,0.2254307270050048,2.29724645614624,0,0,0,0,0,0,0,0,0
2017-01-01,0.6432333588600159,105.20123291015624,103.17117309570312,108.2770004272461,0.1823338717222213,1.2358185052871704,0.2785656452178955,2.5729334354400635,0,0,0,0,0,0,0,0,0
2017-02-01,0.7214450836181641,114.20635986328124,97.15160369873048,125.66468048095705,0.1652164310216903,1.0794140100479126,0.2753607332706451,3.023460626602173,0,0,0,0,0,0,0,0,0
2017-03-01,0.6296865940093994,96.63587951660156,95.67454528808594,95.8384246826172,0.1442030370235443,0.7931166887283325,0.2018842548131942,2.1438183784484863,0,0,0,0,0,0,0,0,0
2017-04-01,1.0770200490951538,119.45992279052734,108.06884002685548,127.44654846191406,0.147105187177658,1.439529299736023,0.183881476521492,3.0787012577056885,0,0,0,0,0,0,0,0,0
2017-05-01,0.6904955506324768,102.57996368408205,99.70480346679688,102.35460662841795,0.0913891121745109,0.8681966066360474,0.4467912316322326,2.518277883529663,0,0,0,0,0,0,0,0,0
2017-06-01,0.5417956709861755,126.7890167236328,146.67166137695312,113.16846466064452,0.2270381897687912,0.8255934119224548,0.7378740906715393,2.858617067337036,0,0,0,0,0,0,0,0,0
2017-07-01,0.90605628490448,102.81346130371094,71.9550552368164,125.59920501708984,0.1430615186691284,1.3723307847976685,0.3497059345245361,2.6227943897247314,0,0,0,0,0,0,0,0,0
2017-08-01,1.2550736665725708,138.5316162109375,108.43595123291016,160.02310180664062,0.1815851330757141,1.08417010307312,0.2136295735836029,3.556932210922241,0,0,0,0,0,0,0,0,0
2017-09-01,1.2183551788330078,115.5344467163086,84.09626770019531,142.1448974609375,0.2846157550811767,1.1784090995788574,0.1298247426748275,2.881110429763794,0,0,0,0,0,0,0,0,0
2017-10-01,0.6046587228775024,91.4615707397461,69.15699768066406,109.23060607910156,0.1217433661222457,0.7426345348358154,0.2313123941421508,2.098043918609619,0,0,0,0,0,0,0,0,0
2017-11-01,0.753240168094635,92.59601593017578,80.11587524414062,103.94397735595705,0.15569768846035,0.6312068700790405,0.6059585809707642,2.175559759140014,0,0,0,0,0,0,0,0,0
2017-12-01,0.7310609817504883,82.71825408935547,62.65747833251953,95.908447265625,0.0639678314328193,0.7904596328735352,0.2467330694198608,2.001279354095459,0,0,0,0,0,0,0,0,0
2018-01-01,0.6854663491249084,92.42678833007812,75.66629028320312,107.64431762695312,0.1778741925954818,1.0325379371643066,0.3080260157585144,2.203904628753662,0,0,0,0,0,0,0,0,0
2018-02-01,0.2929415106773376,64.49137115478516,52.002201080322266,74.68311309814453,0.0790477097034454,0.7439784407615662,0.1394959539175033,1.590253829956055,0,0,0,0,0,0,0,0,0
2018-03-01,0.9457401633262634,111.96229553222656,64.55758666992188,146.9270782470703,0.1322433203458786,1.4226176738739014,0.2484571635723114,2.749058246612549,0,0,0,0,0,0,0,0,0
2018-04-01,1.105688214302063,123.2634735107422,94.30585479736328,146.39566040039062,0.1468492150306701,1.766509771347046,0.4405476748943329,3.360255718231201,0,0,0,0,0,0,0,0,0
2018-05-01,1.5211362838745115,125.66661834716795,63.21790313720703,172.21670532226562,0.2857382893562317,1.2564080953598022,0.5084460973739624,3.31960678100586,0,0,0,0,0,0,0,0,0
2018-06-01,1.168890118598938,103.96858978271484,56.64043426513672,137.0244598388672,0.1610838025808334,0.8921564817428589,0.2684729993343353,2.622774839401245,0,0,0,0,0,0,0,0,0
2018-07-01,1.0246338844299316,110.02842712402344,84.4084701538086,129.1023406982422,0.1750416308641433,1.144174575805664,0.1963881701231002,2.685394763946533,0,0,0,0,0,0,0,0,0
2018-08-01,0.96295964717865,112.74168395996094,68.57559204101562,145.11407470703125,0.1478031128644943,1.1645092964172363,0.371747225522995,2.8082590103149414,0,0,0,0,0,0,0,0,0
2018-09-01,0.7727845311164856,75.05390930175781,51.16391754150391,88.62364196777344,0.155396893620491,0.8189836144447327,0.11759764701128,1.8185635805130005,0,0,0,0,0,0,0,0,0
2018-10-01,1.038062334060669,92.0164794921875,61.15047454833984,115.21215057373048,0.2059647440910339,1.013346552848816,0.6590871810913086,2.389190912246704,0,0,0,0,0,0,0,0,0
2018-11-01,0.6654516458511353,80.40758514404297,47.40216827392578,105.16685485839844,0.1822574436664581,0.826516330242157,0.648497462272644,1.9454922676086424,0,0,0,0,0,0,0,0,0
2018-12-01,0.8167096972465515,90.607666015625,66.24092864990234,106.0626983642578,0.0797934755682945,0.9340530633926392,0.3661112487316131,2.234217405319214,0,0,0,0,0,0,0,0,0
2019-01-01,0.9264768362045288,87.42410278320312,55.7335090637207,112.98045349121094,0.0892477706074714,0.9987250566482544,0.3144921362400055,2.2481937408447266,0,0,0,0,0,0,0,0,0
2019-02-01,1.071664571762085,96.80016326904295,57.51169967651367,127.857421875,0.3635161817073822,1.0575016736984253,0.2738173902034759,2.431309700012207,0,0,0,0,0,0,0,0,0
2019-03-01,0.771669328212738,82.32829284667969,66.64120483398438,90.7895965576172,0.3086677193641662,0.5631100535392761,0.24192875623703,1.8770334720611568,0,0,0,0,0,0,0,0,0
2019-04-01,0.5595845580101013,79.25344848632812,57.51552963256836,95.45539855957033,0.353657454252243,0.8058017492294312,0.3267973959445953,1.9384009838104248,0,0,0,0,0,0,0,0,0
2019-05-01,1.1733860969543457,106.4719009399414,64.66343688964844,134.97251892089844,0.2621851563453674,0.97137451171875,0.580245852470398,2.7765839099884038,0,0,0,0,0,0,0,0,0
2019-06-01,1.2943308353424072,106.58845520019533,53.42063903808594,142.6534881591797,0.2070929259061813,0.9017171263694764,0.7075675129890442,2.8691000938415527,0,0,0,0,0,0,0,0,0
2019-07-01,0.7565702199935913,93.52125549316406,47.41885757446289,126.93077850341795,0.1725510954856872,0.8008140921592712,0.3318290412425995,2.375895977020264,0,0,0,0,0,0,0,0,0
2019-08-01,1.2167065143585205,103.4044189453125,70.09744262695312,124.72541809082033,0.3451021909713745,0.8362091779708862,0.2521900832653045,2.747544527053833,0,0,0,0,0,0,0,0,0
2019-09-01,0.7263386249542236,90.36798858642578,67.81023406982422,110.8709487915039,0.1550112962722778,0.5801851153373718,0.9034944176673888,2.3340272903442383,0,0,0,0,0,0,0,0,0
2019-10-01,0.6726645827293396,97.83673095703124,69.96658325195312,121.31104278564452,0.1681661456823349,1.072059154510498,0.4204153716564178,2.467838287353516,0,0,0,0,0,0,0,0,0
2019-11-01,0.6029929518699646,73.07838439941406,53.03253173828125,84.5873031616211,0.0792253538966178,0.4709506928920746,0.1144366189837455,1.7385563850402832,0,0,0,0,0,0,0,0,0
2019-12-01,0.6018832921981812,74.27989196777344,63.33135223388672,80.11077117919922,0.0922240540385246,0.5824677348136902,0.296087771654129,1.7231336832046509,0,0,0,0,0,0,0,0,0
2020-01-01,1.2574454545974731,138.4209442138672,81.65093994140625,190.8443603515625,0.1808956563472747,1.1780277490615845,0.8030002117156982,3.62232518196106,0,0,0,0,0,0,0,0,0
2020-02-01,0.8738296627998352,75.95555877685547,56.68605041503906,87.1624526977539,0.2139991074800491,0.6598305702209473,0.1783325970172882,1.5158270597457886,0,0,0,0,0,0,0,0,0
2020-03-01,0.6712844371795654,81.54003143310547,62.90298843383789,97.09007263183594,0.1197195127606391,0.4275696873664856,0.0812382400035858,1.7102787494659424,0,0,0,0,0,0,0,0,0
2020-04-01,0.6035003066062927,69.33940124511719,47.59123229980469,81.76082611083984,0.1160577535629272,0.352815568447113,0.1346269845962524,1.531962275505066,0,0,0,0,0,0,0,0,0
2020-05-01,0.7615357041358948,68.50721740722656,42.29555892944336,83.35546112060547,0.1532083600759506,0.2928983271121979,0.0811103135347366,1.7078226804733276,0,0,0,0,0,0,0,0,0
2020-06-01,0.7705795764923096,71.22785949707031,49.760887145996094,85.86660766601562,0.3229974210262298,0.489110380411148,0.0599852353334426,1.651901125907898,0,0,0,0,0,0,0,0,0
2020-07-01,0.9271344542503356,66.47328186035156,36.25208282470703,88.73797607421875,0.2295332849025726,0.4005580842494964,0.0945137068629264,1.5392231941223145,0,0,0,0,0,0,0,0,0
2020-08-01,0.6634311676025391,65.46604919433594,28.454627990722656,90.00911712646484,0.0979562774300575,0.5120441913604736,0.12912417948246,1.455986499786377,0,0,0,0,0,0,0,0,0
2020-09-01,0.8603692650794983,80.37738037109375,49.51808166503906,101.25764465332033,0.2150923162698745,0.9320666790008544,0.1030650660395622,1.6983330249786377,0,0,0,0,0,0,0,0,0
2020-10-01,0.64959716796875,76.08316802978516,42.68144226074219,97.65258026123048,0.1181085780262947,0.8520690202713013,0.1138904094696044,1.6619564294815063,0,0,0,0,0,0,0,0,0
2020-11-01,0.4175652861595154,70.06746673583984,62.31394577026367,79.03644561767578,0.183545172214508,0.4542742967605591,0.137658879160881,1.3123480081558228,0,0,0,0,0,0,0,0,0
2020-12-01,0.5949008464813232,64.06729125976562,31.744428634643555,86.81527709960938,0.1180358827114105,0.5760151147842407,0.2219074666500091,1.4353163242340088,0,0,0,0,0,0,0,0,0
2021-01-01,0.7740280628204346,77.418701171875,48.2874870300293,98.47562408447266,0.123844489455223,0.5926843285560608,0.1990357786417007,1.9018974304199217,0,0,0,0,0,0,0,0,0
2021-02-01,0.7152522802352905,73.95680236816406,46.326778411865234,94.48355865478516,0.140150785446167,0.5122752785682678,0.1981442123651504,1.5754880905151367,0,0,0,0,0,0,0,0,0
2021-03-01,0.8384279608726501,78.61876678466797,49.41804122924805,100.85202026367188,0.3144104778766632,0.6331877708435059,0.2270742356777191,1.759825348854065,0,0,0,0,0,0,0,0,0
2021-04-01,0.7356022000312805,88.16622161865234,67.87379455566406,109.5869598388672,0.1815727055072784,1.1965175867080688,0.0838027819991111,1.9786767959594729,0,0,0,0,0,0,0,0,0
2021-05-01,0.6360744833946228,93.00713348388672,52.62611389160156,120.7828369140625,0.3089504837989807,0.8268968462944031,0.0908677875995636,2.0172648429870605,0,0,0,0,0,0,0,0,0
2021-06-01,0.7287411689758301,74.12712097167969,46.34864044189453,92.54654693603516,0.1856665462255478,0.8308577537536621,0.1021165996789932,1.698848843574524,0,0,0,0,0,0,0,0,0
2021-07-01,0.5243344902992249,58.42076873779297,50.7158317565918,64.03631591796875,0.1702966690063476,0.4884825646877289,0.0627408772706985,1.2503361701965332,0,0,0,0,0,0,0,0,0
2021-08-01,0.588945209980011,89.4865493774414,76.48285675048828,103.20159149169922,0.1448225975036621,0.6854935884475708,0.0627564564347267,2.148201704025269,0,0,0,0,0,0,0,0,0
2021-09-01,0.8380149602890015,80.69696807861328,67.94027709960938,92.0473175048828,0.4307115972042084,0.6039325594902039,0.102996252477169,1.9194756746292116,0,0,0,0,0,0,0,0,0
2021-10-01,0.761751115322113,79.02923583984375,61.149112701416016,93.80802917480467,0.2554106712341308,0.5466684699058533,0.1030604466795921,1.6444863080978394,0,0,0,0,0,0,0,0,0
2021-11-01,0.7960199117660522,86.56914520263672,39.74269104003906,121.5009536743164,0.1563610583543777,1.2129826545715332,0.1279317736625671,1.8621180057525637,0,0,0,0,0,0,0,0,0
2021-12-01,0.863984227180481,105.34542083740234,47.65493392944336,155.3102569580078,0.1481115818023681,1.7230314016342163,0.1481115818023681,2.478400468826294,0,0,0,0,0,0,0,0,0
2022-01-01,0.7950358986854553,138.67498779296875,63.25152969360352,199.48751831054688,0.2181500941514969,2.777777671813965,0.2181500941514969,3.3158812522888184,0,0,0,0,0,0,0,0,0
2022-02-01,1.5000503063201904,216.1590118408203,105.2183074951172,320.6058654785156,0.1711466759443283,5.396154403686523,0.1761804074048996,4.87768030166626,0,0,0,0,0,0,0,0,0
2022-03-01,2.4747231006622314,318.9549255371094,250.9558563232422,403.713623046875,0.4670197367668152,8.801155090332031,0.4573904573917389,6.899374008178711,0,0,0,0,0,0,0,0,0
2022-04-01,1.1256269216537476,191.14309692382807,184.41781616210935,221.9105529785156,0.4140907526016235,4.829114437103272,0.128309816122055,3.965939521789551,0,0,0,0,0,0,0,0,0
2022-05-01,1.0073001384735107,142.25848388671875,140.13734436035156,166.424560546875,0.3508573472499847,3.1916699409484863,0.0509309023618698,3.146398067474365,0,0,0,0,0,0,0,0,0
2022-06-01,0.8535436987876892,130.7073211669922,114.81468963623048,160.72695922851562,0.3767365217208862,3.025665283203125,0.1883682608604431,2.878502368927002,0,0,0,0,0,0,0,0,0
2022-07-01,0.8132914900779724,117.17676544189452,97.83872985839844,141.24293518066406,0.2730335891246795,2.6954803466796875,0.4182642102241516,2.5851051807403564,0,0,0,0,0,0,0,0,0
2022-08-01,1.2375651597976685,132.86322021484375,111.15857696533205,159.38302612304688,0.2486972957849502,2.415916681289673,0.1243486478924751,3.132401704788208,0,0,0,0,0,0,0,0,0
2022-09-01,1.136966109275818,131.98587036132812,108.6280746459961,170.31179809570312,0.5066273808479309,3.0220913887023926,0.1119293048977851,2.927834987640381,0,0,0,0,0,0,0,0,0
2022-10-01,1.1814154386520386,143.16241455078125,112.6750259399414,185.2843017578125,0.3067136108875274,3.385209560394287,0.3691923320293426,3.402249336242676,0,0,0,0,0,0,0,0,0
2022-11-01,1.1175096035003662,116.7162857055664,98.68260955810548,143.0465545654297,0.296482115983963,2.4630823135375977,0.1653458029031753,2.6968469619750977,0,0,0,0,0,0,0,0,0
2022-12-01,0.8740933537483215,111.19593811035156,109.772216796875,119.1385269165039,0.2479697465896606,2.2813217639923096,0.1611803323030471,2.5540883541107178,0,0,0,0,0,0,0,0,0
2023-01-01,0.6696992516517639,104.2670440673828,94.62993621826172,113.02135467529295,0.195855438709259,1.971190333366394,0.0442254245281219,2.4071266651153564,0,0,0,0,0,0,0,0,0
2023-02-01,1.4876583814620972,120.99437713623048,103.02875518798828,147.05015563964844,0.2935290336608886,2.301534414291382,0.1400934010744094,2.9753167629241943,0,0,0,0,0,0,0,0,0
2023-03-01,1.4093643426895142,105.37997436523438,86.75404357910156,125.08584594726562,0.3066399395465851,2.046231985092163,0.3656091392040252,2.624130249023437,0,0,0,0,0,0,0,0,0
2023-04-01,1.225680947303772,106.80965423583984,93.2484130859375,118.16682434082033,0.2464331984519958,1.8093385696411133,0.4150454103946686,2.4448766708374023,0,0,0,0,0,0,0,0,0
2023-05-01,1.0844541788101196,108.46768188476562,92.75943756103516,122.47150421142578,0.3150369524955749,1.90233850479126,0.3332121670246124,2.508178949356079,0,0,0,0,0,0,0,0,0
2023-06-01,1.058168649673462,110.52894592285156,95.2789077758789,129.40652465820312,0.2630130350589752,2.214202642440796,0.2079637944698333,2.4588658809661865,0,0,0,0,0,0,0,0,0
2023-07-01,0.9749130606651306,107.44878387451172,91.76800537109376,123.80915069580078,0.2111276686191558,2.080228567123413,0.0931445583701133,2.4838550090789795,0,0,0,0,0,0,0,0,0
2023-08-01,0.9889576435089112,101.14118194580078,83.60504913330078,117.60943603515624,0.3154956996440887,1.9657808542251587,0.2669578790664673,2.1599321365356445,1,0,0,1,0,0,1,0,0
2023-09-01,1.0829451084136963,98.6348114013672,68.4659194946289,125.65179443359376,0.4597979187965393,1.9057414531707764,0.2480488866567611,2.2203400135040283,0,0,0,0,0,0,0,0,0
2023-10-01,1.0389920473098757,197.8870086669922,221.80393981933597,205.04005432128903,0.2209350913763046,1.8391354084014893,0.7941721081733704,4.424673080444336,0,0,0,0,0,0,0,0,0
2023-11-01,0.9199574589729308,156.69613647460938,189.5543975830078,143.49435424804688,0.2503285706043243,1.2704174518585205,0.2941360473632812,3.72989559173584,2,0,2,0,0,0,2,0,0
2023-12-01,0.7015963196754456,142.2794647216797,173.96380615234375,136.1783905029297,0.2252832204103469,1.4997425079345703,0.276776522397995,3.424304723739624,14,0,14,0,0,0,14,0,0
2024-01-01,0.970812976360321,160.3736572265625,208.4711456298828,140.83609008789062,0.2755856215953827,1.5533007383346558,0.563697874546051,3.851935386657715,201,16,7,178,28,0,201,0,0
2024-02-01,0.7720997333526611,146.59817504882812,171.18118286132812,140.2446746826172,0.2159261852502823,1.720866322517395,0.2813583612442016,3.395930051803589,139,15,10,114,28,0,139,0,0
2024-03-01,0.8790262937545776,133.21316528320312,151.81399536132812,121.53968048095705,0.2397344410419464,1.5797885656356812,0.1967051923274994,2.9444308280944824,78,23,6,49,8,0,78,0,0
2024-04-01,1.044237732887268,163.9473419189453,165.99069213867188,170.697998046875,0.2468198239803314,1.8289982080459597,0.3923802375793457,4.018733024597168,66,5,6,55,12,0,66,0,0
2024-05-01,0.9358943104743958,130.52186584472656,133.154296875,131.44712829589844,0.1345730423927307,1.718864679336548,0.2569121718406677,3.1074137687683105,78,15,2,61,13,0,78,0,0
2024-06-01,0.8939893245697021,113.0927963256836,109.73841094970705,125.71302795410156,0.1902105063199997,1.4709612131118774,0.1521683931350708,2.6883084774017334,86,10,10,66,10,0,86,0,0
2024-07-01,0.7328488826751709,92.3948745727539,95.11029815673828,95.1602783203125,0.1601182371377945,0.9915013909339904,0.1416430622339248,2.0938539505004883,58,12,5,41,9,0,58,0,0
2024-08-01,0.6393214464187622,140.97506713867188,165.17947387695312,124.80498504638672,0.2278769463300705,1.5508291721343994,0.2595265209674835,3.209266901016236,68,12,4,52,3,0,68,0,0
2024-09-01,0.7676793932914734,130.35877990722656,135.5546112060547,134.03704833984375,0.1691496968269348,1.4442782402038574,0.1496324241161346,2.9731311798095703,62,7,1,54,4,0,62,0,0
2024-10-01,0.9768764972686768,130.689208984375,142.81838989257812,128.40969848632812,0.2658587992191314,1.3663904666900637,0.3029553592205047,3.0295536518096924,35,1,3,31,3,0,35,0,0
2024-11-01,1.007493257522583,128.90164184570312,127.42887115478516,139.14866638183594,0.1826081424951553,1.970908641815185,0.2140923142433166,3.167306900024414,33,2,0,31,3,0,33,0,0
2024-12-01,0.8415049910545349,142.36643981933594,164.81373596191406,128.26246643066406,0.1947284191846847,2.295013666152954,0.3407747447490692,3.2895195484161377,46,5,0,41,11,0,46,0,0
2025-01-01,0.8568926453590393,113.233154296875,109.50493621826172,117.08644104003906,0.2376782596111297,1.1258443593978882,0.2439329475164413,2.745809316635132,74,14,0,60,9,0,74,0,0
2025-02-01,1.1046003103256226,136.9805908203125,140.7871551513672,138.7676544189453,0.2087963968515396,1.953256607055664,0.687007486820221,3.5360679626464844,39,3,0,36,3,0,39,0,0
2025-03-01,1.0788382291793823,174.3096466064453,159.4183807373047,193.36782836914065,0.2489626556634903,2.4481327533721924,0.8002371191978455,4.469472408294678,110,10,0,100,15,0,110,0,0
2025-04-01,1.0556330680847168,140.9822540283203,132.06373596191406,159.26712036132812,0.4246799647808075,1.5227810144424438,0.2608748376369476,3.5187768936157227,95,8,0,87,8,0,95,0,0
2025-05-01,1.129579782485962,166.83749389648438,149.22117614746094,205.18582153320312,0.7608568668365479,1.5041553974151611,0.708182156085968,4.126185417175293,36,2,0,34,5,0,36,0,0
2025-06-01,1.392428636550903,221.1349029541016,182.07473754882807,286.4390869140625,0.4662149548530578,2.1694536209106445,0.4537825584411621,5.638092994689941,31,7,0,24,6,0,31,0,0
2025-07-01,0.8993782997131348,134.23008728027344,119.3396224975586,156.1194610595703,0.3561296463012695,1.3943381309509275,0.205227255821228,3.168950319290161,60,13,0,47,8,0,60,0,0
2025-08-01,0.8184143304824829,138.98846435546875,121.7310562133789,160.41519165039062,0.4795396327972412,1.7135549783706665,0.1790281385183334,3.4015345573425293,41,17,0,24,7,0,41,0,0
2025-09-01,1.018941879272461,126.74058532714844,115.22395324707033,142.89134216308594,0.4114957451820373,1.4565643072128296,0.2547354698181152,3.128674030303955,29,7,0,22,1,0,29,0,0
2025-10-01,0.9444583654403688,154.52259826660156,151.55816650390625,168.00865173339844,0.2877157926559448,1.513635277748108,0.2251688838005066,3.752814531326294,38,7,0,31,7,0,38,0,0
2025-11-01,0.6473509073257446,104.35176849365234,88.69731140136719,118.69731903076172,0.1885488033294677,1.288416862487793,0.2011187225580215,2.6585381031036377,32,15,0,17,5,0,32,0,0
2025-12-01,1.003278732299805,132.48622131347656,123.5346221923828,146.3589324951172,0.3147540986537933,1.6983606815338137,0.1508196741342544,3.245901584625244,53,14,0,39,6,0,53,0,0
2026-01-01,1.5055369138717651,168.62986755371094,100.22209930419922,220.17141723632807,0.3297250270843506,1.9036954641342163,0.335946261882782,4.566380500793457,51,16,0,35,9,0,51,0,0
2026-02-01,0.8707698583602905,119.86540985107422,81.2406234741211,156.00601196289062,0.4221914410591125,1.2863645553588867,0.3232403099536896,3.074081420898437,23,2,0,21,8,0,23,0,0
2026-03-01,1.6985260248184204,330.17681884765625,450.3603515625,319.2039794921875,1.0018424987792969,2.504606246948242,2.23975133895874,8.682634353637695,36,6,0,30,5,0,36,0,0
2026-04-01,1.6600594520568848,252.3643341064453,307.6094970703125,271.0191345214844,0.5822596549987793,1.7405847311019895,0.9043607711791992,6.689791679382324,27,7,0,20,6,0,27,0,0
2026-05-01,1.7222083806991575,203.55667114257807,215.2193756103516,233.4638519287109,0.5595623254776001,1.6600347757339478,0.6030837893486023,5.303407192230225,20,9,0,11,2,0,20,0,0
2026-06-01,0.8485150933265686,179.72244262695312,184.4062957763672,214.9290313720703,0.3493885695934295,1.303968071937561,0.4492138624191284,4.604442119598389,30,5,0,25,5,0,30,0,0
2026-07-01,0.9459829926490784,152.66822814941406,168.84104919433594,175.02061462402344,0.2947628200054168,1.323005199432373,1.0556621551513672,3.9278860092163086,77,15,0,41,18,0,55,1,2
2026-08-01,,,,,,,,,19308,19241,0,32,2,102,33,0,2
