node_id,node_name,node_type,capacity,unit,source,retrieval_timestamp,processing_version
HORMUZ,HORMUZ,corridor,,,EIA / NGA,2026-08-21T16:43:58.310006+00:00,1.0
BAB_EL_MANDEB,BAB_EL_MANDEB,corridor,,,EIA / NGA,2026-08-21T16:43:58.310006+00:00,1.0
SUEZ,SUEZ,corridor,,,EIA / NGA,2026-08-21T16:43:58.310006+00:00,1.0
RED_SEA,RED_SEA,corridor,,,EIA / NGA,2026-08-21T16:43:58.310006+00:00,1.0
GULF_OF_OMAN,GULF_OF_OMAN,corridor,,,EIA / NGA,2026-08-21T16:43:58.310006+00:00,1.0
GULF_OF_ADEN,GULF_OF_ADEN,corridor,,,EIA / NGA,2026-08-21T16:43:58.310006+00:00,1.0
ARABIAN_SEA,ARABIAN_SEA,corridor,,,EIA / NGA,2026-08-21T16:43:58.310006+00:00,1.0
MUNDRA_PORT,Mundra Port,port,,,NGA World Port Index,2026-08-21T16:43:58.310006+00:00,1.0
VADINAR_PORT,Vadinar Port,port,,,NGA World Port Index,2026-08-21T16:43:58.310006+00:00,1.0
MUMBAI_PORT,Mumbai Port,port,,,NGA World Port Index,2026-08-21T16:43:58.310006+00:00,1.0
PARADIP_PORT,Paradip Port,port,,,NGA World Port Index,2026-08-21T16:43:58.310006+00:00,1.0
HALDIA_PORT,Haldia Port,port,,,NGA World Port Index,2026-08-21T16:43:58.310006+00:00,1.0
KOCHI_PORT,Kochi Port,port,,,NGA World Port Index,2026-08-21T16:43:58.310006+00:00,1.0
MANGALORE_PORT,Mangalore Port,port,,,NGA World Port Index,2026-08-21T16:43:58.310006+00:00,1.0
VISAKHAPATNAM_PORT,Visakhapatnam Port,port,,,NGA World Port Index,2026-08-21T16:43:58.310006+00:00,1.0
CHENNAI_PORT,Chennai Port,port,,,NGA World Port Index,2026-08-21T16:43:58.310006+00:00,1.0
IOCL_MATHURA_UTTAR_PRADESH,"IOCL-MATHURA, UTTAR PRADESH",refinery,,MMTPA,PPAC / Ministry,2026-08-21T16:43:58.310006+00:00,1.0
NRL_NUMALIGARH_ASSAM,"NRL-NUMALIGARH, ASSAM",refinery,,MMTPA,PPAC / Ministry,2026-08-21T16:43:58.310006+00:00,1.0
MRPL_MANGALOREKARNATAKA,"MRPL-MANGALORE,KARNATAKA",refinery,,MMTPA,PPAC / Ministry,2026-08-21T16:43:58.310006+00:00,1.0
HMEL_GGSR_BATHINDA_PUNJAB,"HMEL-GGSR, BATHINDA, PUNJAB",refinery,,MMTPA,PPAC / Ministry,2026-08-21T16:43:58.310006+00:00,1.0
RILJAMNAGARGUJARAT,"RIL,JAMNAGAR,GUJARAT",refinery,,MMTPA,PPAC / Ministry,2026-08-21T16:43:58.310006+00:00,1.0
IOCL_PARADIPODISHA,"IOCL-PARADIP,ODISHA",refinery,,MMTPA,PPAC / Ministry,2026-08-21T16:43:58.310006+00:00,1.0
HPCL_MUMBAIMAHARASHTRA,"HPCL-MUMBAI,MAHARASHTRA",refinery,,MMTPA,PPAC / Ministry,2026-08-21T16:43:58.310006+00:00,1.0
IOCL_KOYALI_GUJARAT,"IOCL-KOYALI, GUJARAT",refinery,,MMTPA,PPAC / Ministry,2026-08-21T16:43:58.310006+00:00,1.0
ONGC_TATIPAKAANDHRA_PRADESH,"ONGC-TATIPAKA,ANDHRA PRADESH",refinery,,MMTPA,PPAC / Ministry,2026-08-21T16:43:58.310006+00:00,1.0
RIL_(SEZ)_JAMNAGARGUJARAT,"RIL-(SEZ), JAMNAGAR,GUJARAT",refinery,,MMTPA,PPAC / Ministry,2026-08-21T16:43:58.310006+00:00,1.0
NEL_VADINARGUJARAT,"NEL-VADINAR,GUJARAT",refinery,,MMTPA,PPAC / Ministry,2026-08-21T16:43:58.310006+00:00,1.0
IOCL_HALDIA_WEST_BENGAL,"IOCL-HALDIA, WEST BENGAL",refinery,,MMTPA,PPAC / Ministry,2026-08-21T16:43:58.310006+00:00,1.0
IOCL_DIGBOIASSAM,"IOCL-DIGBOI,ASSAM",refinery,,MMTPA,PPAC / Ministry,2026-08-21T16:43:58.310006+00:00,1.0
IOCL_BONGAIGAONASSAM,"IOCL-BONGAIGAON,ASSAM",refinery,,MMTPA,PPAC / Ministry,2026-08-21T16:43:58.310006+00:00,1.0
BPCL_KOCHI_KERALA,"BPCL-KOCHI, KERALA",refinery,,MMTPA,PPAC / Ministry,2026-08-21T16:43:58.310006+00:00,1.0
CPCL_MANALI_TAMILNADU,"CPCL-MANALI, TAMILNADU",refinery,,MMTPA,PPAC / Ministry,2026-08-21T16:43:58.310006+00:00,1.0
BPCL_BINA,BPCL-BINA,refinery,,MMTPA,PPAC / Ministry,2026-08-21T16:43:58.310006+00:00,1.0
IOCL_GUWAHATIASSAM,"IOCL-GUWAHATI,ASSAM",refinery,,MMTPA,PPAC / Ministry,2026-08-21T16:43:58.310006+00:00,1.0
BPCL_MUMBAI_MAHARASHTRA,"BPCL-MUMBAI, MAHARASHTRA",refinery,,MMTPA,PPAC / Ministry,2026-08-21T16:43:58.310006+00:00,1.0
IOCL_PANIPAT_HARYANA,"IOCL-PANIPAT, HARYANA",refinery,,MMTPA,PPAC / Ministry,2026-08-21T16:43:58.310006+00:00,1.0
HPCL_VISAKHANDHRA_PRADESH,"HPCL-VISAKH,ANDHRA PRADESH",refinery,,MMTPA,PPAC / Ministry,2026-08-21T16:43:58.310006+00:00,1.0
IOCL_BARAUNIBIHAR,"IOCL-BARAUNI,BIHAR",refinery,,MMTPA,PPAC / Ministry,2026-08-21T16:43:58.310006+00:00,1.0
BORL_BINA,BORL-BINA,refinery,,MMTPA,PPAC / Ministry,2026-08-21T16:43:58.310006+00:00,1.0
GLOBAL_IMPORT_SOURCE,Global Suppliers (Aggregate),supplier_pool,,,PPAC,2026-08-21T16:43:58.310006+00:00,1.0
